Analysis & Synthesis report for pipelined_cpu
Fri Jul 17 22:46:17 2026
Quartus Prime Version 20.1.1 Build 720 11/11/2020 SJ Lite Edition


---------------------
; Table of Contents ;
---------------------
  1. Legal Notice
  2. Analysis & Synthesis Summary
  3. Analysis & Synthesis Settings
  4. Parallel Compilation
  5. Analysis & Synthesis Source Files Read
  6. Analysis & Synthesis Resource Usage Summary
  7. Analysis & Synthesis Resource Utilization by Entity
  8. Registers Removed During Synthesis
  9. General Register Statistics
 10. Inverted Register Statistics
 11. Multiplexer Restructuring Statistics (Restructuring Performed)
 12. Parameter Settings for User Entity Instance: hazard:hz
 13. Parameter Settings for User Entity Instance: mux2:m2_1
 14. Parameter Settings for User Entity Instance: mux2:m2_2
 15. Parameter Settings for User Entity Instance: mux2:m2_3
 16. Parameter Settings for User Entity Instance: mux2:m2_4
 17. Parameter Settings for User Entity Instance: mux2:m2_5
 18. Parameter Settings for User Entity Instance: mux2:m2_6
 19. Parameter Settings for User Entity Instance: mux2:m2_7
 20. Parameter Settings for User Entity Instance: mux2:m2_8
 21. Parameter Settings for User Entity Instance: mux2:m2_9
 22. Parameter Settings for User Entity Instance: mux2:m2_10
 23. Parameter Settings for User Entity Instance: mux2:m2_11
 24. Parameter Settings for User Entity Instance: mux4:m4_1
 25. Parameter Settings for User Entity Instance: mux4:m4_2
 26. Parameter Settings for User Entity Instance: mux4:m4_3
 27. Parameter Settings for User Entity Instance: register:reg_1
 28. Parameter Settings for User Entity Instance: register:reg_2
 29. Parameter Settings for User Entity Instance: register:reg_3
 30. Parameter Settings for User Entity Instance: register:reg_4
 31. Parameter Settings for User Entity Instance: register:reg_5
 32. Parameter Settings for User Entity Instance: register:reg_6
 33. Parameter Settings for User Entity Instance: register:reg_7
 34. Parameter Settings for User Entity Instance: register:reg_8
 35. Parameter Settings for User Entity Instance: register:reg_9
 36. Parameter Settings for User Entity Instance: register:reg_10
 37. Parameter Settings for User Entity Instance: register:reg_11
 38. Parameter Settings for User Entity Instance: register:reg_12
 39. Parameter Settings for User Entity Instance: register:reg_13
 40. Parameter Settings for User Entity Instance: register:reg_14
 41. Parameter Settings for User Entity Instance: register:reg_15
 42. Parameter Settings for User Entity Instance: register:reg_16
 43. Parameter Settings for User Entity Instance: register:reg_17
 44. Parameter Settings for User Entity Instance: register:reg_18
 45. Parameter Settings for User Entity Instance: register:reg_19
 46. Port Connectivity Checks: "register:reg_19"
 47. Port Connectivity Checks: "register:reg_18"
 48. Port Connectivity Checks: "register:reg_17"
 49. Port Connectivity Checks: "register:reg_16"
 50. Port Connectivity Checks: "register:reg_15"
 51. Port Connectivity Checks: "register:reg_14"
 52. Port Connectivity Checks: "register:reg_13"
 53. Port Connectivity Checks: "register:reg_12"
 54. Port Connectivity Checks: "register:reg_11"
 55. Port Connectivity Checks: "register:reg_10"
 56. Port Connectivity Checks: "register:reg_9"
 57. Port Connectivity Checks: "register:reg_8"
 58. Port Connectivity Checks: "register:reg_7"
 59. Port Connectivity Checks: "register:reg_6"
 60. Port Connectivity Checks: "register:reg_5"
 61. Port Connectivity Checks: "register:reg_4"
 62. Port Connectivity Checks: "register:reg_3"
 63. Port Connectivity Checks: "mux2:m2_4"
 64. Port Connectivity Checks: "mux2:m2_3"
 65. Port Connectivity Checks: "mux2:m2_2"
 66. Port Connectivity Checks: "mux2:m2_1"
 67. Port Connectivity Checks: "cmem:code"
 68. Post-Synthesis Netlist Statistics for Top Partition
 69. Elapsed Time Per Partition
 70. Analysis & Synthesis Messages



----------------
; Legal Notice ;
----------------
Copyright (C) 2020  Intel Corporation. All rights reserved.
Your use of Intel Corporation's design tools, logic functions 
and other software and tools, and any partner logic 
functions, and any output files from any of the foregoing 
(including device programming or simulation files), and any 
associated documentation or information are expressly subject 
to the terms and conditions of the Intel Program License 
Subscription Agreement, the Intel Quartus Prime License Agreement,
the Intel FPGA IP License Agreement, or other applicable license
agreement, including, without limitation, that your use is for
the sole purpose of programming logic devices manufactured by
Intel and sold by Intel or its authorized distributors.  Please
refer to the applicable agreement for further details, at
https://fpgasoftware.intel.com/eula.



+----------------------------------------------------------------------------------+
; Analysis & Synthesis Summary                                                     ;
+------------------------------------+---------------------------------------------+
; Analysis & Synthesis Status        ; Successful - Fri Jul 17 22:46:17 2026       ;
; Quartus Prime Version              ; 20.1.1 Build 720 11/11/2020 SJ Lite Edition ;
; Revision Name                      ; pipelined_cpu                               ;
; Top-level Entity Name              ; pipelined_cpu                               ;
; Family                             ; MAX 10                                      ;
; Total logic elements               ; 794                                         ;
;     Total combinational functions  ; 504                                         ;
;     Dedicated logic registers      ; 415                                         ;
; Total registers                    ; 415                                         ;
; Total pins                         ; 663                                         ;
; Total virtual pins                 ; 0                                           ;
; Total memory bits                  ; 0                                           ;
; Embedded Multiplier 9-bit elements ; 0                                           ;
; Total PLLs                         ; 0                                           ;
; UFM blocks                         ; 0                                           ;
; ADC blocks                         ; 0                                           ;
+------------------------------------+---------------------------------------------+


+------------------------------------------------------------------------------------------------------------+
; Analysis & Synthesis Settings                                                                              ;
+------------------------------------------------------------------+--------------------+--------------------+
; Option                                                           ; Setting            ; Default Value      ;
+------------------------------------------------------------------+--------------------+--------------------+
; Device                                                           ; 10M50DAF484C7G     ;                    ;
; Top-level entity name                                            ; pipelined_cpu      ; pipelined_cpu      ;
; Family name                                                      ; MAX 10             ; Cyclone V          ;
; Use smart compilation                                            ; Off                ; Off                ;
; Enable parallel Assembler and Timing Analyzer during compilation ; On                 ; On                 ;
; Enable compact report table                                      ; Off                ; Off                ;
; Restructure Multiplexers                                         ; Auto               ; Auto               ;
; Create Debugging Nodes for IP Cores                              ; Off                ; Off                ;
; Preserve fewer node names                                        ; On                 ; On                 ;
; Intel FPGA IP Evaluation Mode                                    ; Enable             ; Enable             ;
; Verilog Version                                                  ; Verilog_2001       ; Verilog_2001       ;
; VHDL Version                                                     ; VHDL_1993          ; VHDL_1993          ;
; State Machine Processing                                         ; Auto               ; Auto               ;
; Safe State Machine                                               ; Off                ; Off                ;
; Extract Verilog State Machines                                   ; On                 ; On                 ;
; Extract VHDL State Machines                                      ; On                 ; On                 ;
; Ignore Verilog initial constructs                                ; Off                ; Off                ;
; Iteration limit for constant Verilog loops                       ; 5000               ; 5000               ;
; Iteration limit for non-constant Verilog loops                   ; 250                ; 250                ;
; Add Pass-Through Logic to Inferred RAMs                          ; On                 ; On                 ;
; Infer RAMs from Raw Logic                                        ; On                 ; On                 ;
; Parallel Synthesis                                               ; On                 ; On                 ;
; DSP Block Balancing                                              ; Auto               ; Auto               ;
; NOT Gate Push-Back                                               ; On                 ; On                 ;
; Power-Up Don't Care                                              ; On                 ; On                 ;
; Remove Redundant Logic Cells                                     ; Off                ; Off                ;
; Remove Duplicate Registers                                       ; On                 ; On                 ;
; Ignore CARRY Buffers                                             ; Off                ; Off                ;
; Ignore CASCADE Buffers                                           ; Off                ; Off                ;
; Ignore GLOBAL Buffers                                            ; Off                ; Off                ;
; Ignore ROW GLOBAL Buffers                                        ; Off                ; Off                ;
; Ignore LCELL Buffers                                             ; Off                ; Off                ;
; Ignore SOFT Buffers                                              ; On                 ; On                 ;
; Limit AHDL Integers to 32 Bits                                   ; Off                ; Off                ;
; Optimization Technique                                           ; Balanced           ; Balanced           ;
; Carry Chain Length                                               ; 70                 ; 70                 ;
; Auto Carry Chains                                                ; On                 ; On                 ;
; Auto Open-Drain Pins                                             ; On                 ; On                 ;
; Perform WYSIWYG Primitive Resynthesis                            ; Off                ; Off                ;
; Auto ROM Replacement                                             ; On                 ; On                 ;
; Auto RAM Replacement                                             ; On                 ; On                 ;
; Auto DSP Block Replacement                                       ; On                 ; On                 ;
; Auto Shift Register Replacement                                  ; Auto               ; Auto               ;
; Allow Shift Register Merging across Hierarchies                  ; Auto               ; Auto               ;
; Auto Clock Enable Replacement                                    ; On                 ; On                 ;
; Strict RAM Replacement                                           ; Off                ; Off                ;
; Allow Synchronous Control Signals                                ; On                 ; On                 ;
; Force Use of Synchronous Clear Signals                           ; Off                ; Off                ;
; Auto RAM Block Balancing                                         ; On                 ; On                 ;
; Auto RAM to Logic Cell Conversion                                ; Off                ; Off                ;
; Auto Resource Sharing                                            ; Off                ; Off                ;
; Allow Any RAM Size For Recognition                               ; Off                ; Off                ;
; Allow Any ROM Size For Recognition                               ; Off                ; Off                ;
; Allow Any Shift Register Size For Recognition                    ; Off                ; Off                ;
; Use LogicLock Constraints during Resource Balancing              ; On                 ; On                 ;
; Ignore translate_off and synthesis_off directives                ; Off                ; Off                ;
; Timing-Driven Synthesis                                          ; On                 ; On                 ;
; Report Parameter Settings                                        ; On                 ; On                 ;
; Report Source Assignments                                        ; On                 ; On                 ;
; Report Connectivity Checks                                       ; On                 ; On                 ;
; Ignore Maximum Fan-Out Assignments                               ; Off                ; Off                ;
; Synchronization Register Chain Length                            ; 2                  ; 2                  ;
; Power Optimization During Synthesis                              ; Normal compilation ; Normal compilation ;
; HDL message level                                                ; Level2             ; Level2             ;
; Suppress Register Optimization Related Messages                  ; Off                ; Off                ;
; Number of Removed Registers Reported in Synthesis Report         ; 5000               ; 5000               ;
; Number of Swept Nodes Reported in Synthesis Report               ; 5000               ; 5000               ;
; Number of Inverted Registers Reported in Synthesis Report        ; 100                ; 100                ;
; Clock MUX Protection                                             ; On                 ; On                 ;
; Auto Gated Clock Conversion                                      ; Off                ; Off                ;
; Block Design Naming                                              ; Auto               ; Auto               ;
; SDC constraint protection                                        ; Off                ; Off                ;
; Synthesis Effort                                                 ; Auto               ; Auto               ;
; Shift Register Replacement - Allow Asynchronous Clear Signal     ; On                 ; On                 ;
; Pre-Mapping Resynthesis Optimization                             ; Off                ; Off                ;
; Analysis & Synthesis Message Level                               ; Medium             ; Medium             ;
; Disable Register Merging Across Hierarchies                      ; Auto               ; Auto               ;
; Resource Aware Inference For Block RAM                           ; On                 ; On                 ;
+------------------------------------------------------------------+--------------------+--------------------+


+------------------------------------------+
; Parallel Compilation                     ;
+----------------------------+-------------+
; Processors                 ; Number      ;
+----------------------------+-------------+
; Number detected on machine ; 12          ;
; Maximum allowed            ; 12          ;
;                            ;             ;
; Average used               ; 1.00        ;
; Maximum used               ; 12          ;
;                            ;             ;
; Usage by Processor         ; % Time Used ;
;     Processor 1            ; 100.0%      ;
;     Processor 2            ;   0.0%      ;
;     Processor 3            ;   0.0%      ;
;     Processor 4            ;   0.0%      ;
;     Processor 5            ;   0.0%      ;
;     Processor 6            ;   0.0%      ;
;     Processor 7            ;   0.0%      ;
;     Processor 8            ;   0.0%      ;
;     Processors 9-12        ;   0.0%      ;
+----------------------------+-------------+


+------------------------------------------------------------------------------------------------------------------------------------+
; Analysis & Synthesis Source Files Read                                                                                             ;
+----------------------------------+-----------------+------------------------+--------------------------------------------+---------+
; File Name with User-Entered Path ; Used in Netlist ; File Type              ; File Name with Absolute Path               ; Library ;
+----------------------------------+-----------------+------------------------+--------------------------------------------+---------+
; register.v                       ; yes             ; User Verilog HDL File  ; E:/SoC/Week8/pipelined_cpu/register.v      ;         ;
; regfile.v                        ; yes             ; User Verilog HDL File  ; E:/SoC/Week8/pipelined_cpu/regfile.v       ;         ;
; pipelined_cpu.v                  ; yes             ; User Verilog HDL File  ; E:/SoC/Week8/pipelined_cpu/pipelined_cpu.v ;         ;
; pc.v                             ; yes             ; User Verilog HDL File  ; E:/SoC/Week8/pipelined_cpu/pc.v            ;         ;
; mux4.v                           ; yes             ; User Verilog HDL File  ; E:/SoC/Week8/pipelined_cpu/mux4.v          ;         ;
; mux2.v                           ; yes             ; User Verilog HDL File  ; E:/SoC/Week8/pipelined_cpu/mux2.v          ;         ;
; hazard.v                         ; yes             ; User Verilog HDL File  ; E:/SoC/Week8/pipelined_cpu/hazard.v        ;         ;
; flag.v                           ; yes             ; User Verilog HDL File  ; E:/SoC/Week8/pipelined_cpu/flag.v          ;         ;
; dmem.v                           ; yes             ; User Verilog HDL File  ; E:/SoC/Week8/pipelined_cpu/dmem.v          ;         ;
; decoder.v                        ; yes             ; User Verilog HDL File  ; E:/SoC/Week8/pipelined_cpu/decoder.v       ;         ;
; control.v                        ; yes             ; User Verilog HDL File  ; E:/SoC/Week8/pipelined_cpu/control.v       ;         ;
; cmem.v                           ; yes             ; User Verilog HDL File  ; E:/SoC/Week8/pipelined_cpu/cmem.v          ;         ;
; alu.v                            ; yes             ; User Verilog HDL File  ; E:/SoC/Week8/pipelined_cpu/alu.v           ;         ;
+----------------------------------+-----------------+------------------------+--------------------------------------------+---------+


+---------------------------------------------------------+
; Analysis & Synthesis Resource Usage Summary             ;
+---------------------------------------------+-----------+
; Resource                                    ; Usage     ;
+---------------------------------------------+-----------+
; Estimated Total logic elements              ; 794       ;
;                                             ;           ;
; Total combinational functions               ; 504       ;
; Logic element usage by number of LUT inputs ;           ;
;     -- 4 input functions                    ; 317       ;
;     -- 3 input functions                    ; 120       ;
;     -- <=2 input functions                  ; 67        ;
;                                             ;           ;
; Logic elements by mode                      ;           ;
;     -- normal mode                          ; 482       ;
;     -- arithmetic mode                      ; 22        ;
;                                             ;           ;
; Total registers                             ; 415       ;
;     -- Dedicated logic registers            ; 415       ;
;     -- I/O registers                        ; 0         ;
;                                             ;           ;
; I/O pins                                    ; 663       ;
;                                             ;           ;
; Embedded Multiplier 9-bit elements          ; 0         ;
;                                             ;           ;
; Maximum fan-out node                        ; clk~input ;
; Maximum fan-out                             ; 415       ;
; Total fan-out                               ; 4498      ;
; Average fan-out                             ; 2.00      ;
+---------------------------------------------+-----------+


+-------------------------------------------------------------------------------------------------------------------------------------------------------------------------------------------------------------------------------------------------+
; Analysis & Synthesis Resource Utilization by Entity                                                                                                                                                                                             ;
+----------------------------+---------------------+---------------------------+-------------+------------+--------------+---------+-----------+------+--------------+------------+--------------------------------+---------------+--------------+
; Compilation Hierarchy Node ; Combinational ALUTs ; Dedicated Logic Registers ; Memory Bits ; UFM Blocks ; DSP Elements ; DSP 9x9 ; DSP 18x18 ; Pins ; Virtual Pins ; ADC blocks ; Full Hierarchy Name            ; Entity Name   ; Library Name ;
+----------------------------+---------------------+---------------------------+-------------+------------+--------------+---------+-----------+------+--------------+------------+--------------------------------+---------------+--------------+
; |pipelined_cpu             ; 504 (0)             ; 415 (0)                   ; 0           ; 0          ; 0            ; 0       ; 0         ; 663  ; 0            ; 0          ; |pipelined_cpu                 ; pipelined_cpu ; work         ;
;    |alu:al|                ; 41 (41)             ; 0 (0)                     ; 0           ; 0          ; 0            ; 0       ; 0         ; 0    ; 0            ; 0          ; |pipelined_cpu|alu:al          ; alu           ; work         ;
;    |cmem:code|             ; 32 (32)             ; 0 (0)                     ; 0           ; 0          ; 0            ; 0       ; 0         ; 0    ; 0            ; 0          ; |pipelined_cpu|cmem:code       ; cmem          ; work         ;
;    |control:cnt|           ; 14 (14)             ; 0 (0)                     ; 0           ; 0          ; 0            ; 0       ; 0         ; 0    ; 0            ; 0          ; |pipelined_cpu|control:cnt     ; control       ; work         ;
;    |decoder:dec|           ; 26 (26)             ; 0 (0)                     ; 0           ; 0          ; 0            ; 0       ; 0         ; 0    ; 0            ; 0          ; |pipelined_cpu|decoder:dec     ; decoder       ; work         ;
;    |dmem:dat|              ; 120 (120)           ; 128 (128)                 ; 0           ; 0          ; 0            ; 0       ; 0         ; 0    ; 0            ; 0          ; |pipelined_cpu|dmem:dat        ; dmem          ; work         ;
;    |flag:fl|               ; 2 (2)               ; 4 (4)                     ; 0           ; 0          ; 0            ; 0       ; 0         ; 0    ; 0            ; 0          ; |pipelined_cpu|flag:fl         ; flag          ; work         ;
;    |hazard:hz|             ; 47 (47)             ; 0 (0)                     ; 0           ; 0          ; 0            ; 0       ; 0         ; 0    ; 0            ; 0          ; |pipelined_cpu|hazard:hz       ; hazard        ; work         ;
;    |mux2:m2_10|            ; 9 (9)               ; 0 (0)                     ; 0           ; 0          ; 0            ; 0       ; 0         ; 0    ; 0            ; 0          ; |pipelined_cpu|mux2:m2_10      ; mux2          ; work         ;
;    |mux2:m2_11|            ; 9 (9)               ; 0 (0)                     ; 0           ; 0          ; 0            ; 0       ; 0         ; 0    ; 0            ; 0          ; |pipelined_cpu|mux2:m2_11      ; mux2          ; work         ;
;    |mux2:m2_1|             ; 14 (14)             ; 0 (0)                     ; 0           ; 0          ; 0            ; 0       ; 0         ; 0    ; 0            ; 0          ; |pipelined_cpu|mux2:m2_1       ; mux2          ; work         ;
;    |mux2:m2_2|             ; 14 (14)             ; 0 (0)                     ; 0           ; 0          ; 0            ; 0       ; 0         ; 0    ; 0            ; 0          ; |pipelined_cpu|mux2:m2_2       ; mux2          ; work         ;
;    |mux2:m2_3|             ; 23 (23)             ; 0 (0)                     ; 0           ; 0          ; 0            ; 0       ; 0         ; 0    ; 0            ; 0          ; |pipelined_cpu|mux2:m2_3       ; mux2          ; work         ;
;    |mux2:m2_4|             ; 9 (9)               ; 0 (0)                     ; 0           ; 0          ; 0            ; 0       ; 0         ; 0    ; 0            ; 0          ; |pipelined_cpu|mux2:m2_4       ; mux2          ; work         ;
;    |mux2:m2_5|             ; 8 (8)               ; 0 (0)                     ; 0           ; 0          ; 0            ; 0       ; 0         ; 0    ; 0            ; 0          ; |pipelined_cpu|mux2:m2_5       ; mux2          ; work         ;
;    |mux2:m2_6|             ; 8 (8)               ; 0 (0)                     ; 0           ; 0          ; 0            ; 0       ; 0         ; 0    ; 0            ; 0          ; |pipelined_cpu|mux2:m2_6       ; mux2          ; work         ;
;    |mux2:m2_7|             ; 8 (8)               ; 0 (0)                     ; 0           ; 0          ; 0            ; 0       ; 0         ; 0    ; 0            ; 0          ; |pipelined_cpu|mux2:m2_7       ; mux2          ; work         ;
;    |mux2:m2_8|             ; 8 (8)               ; 0 (0)                     ; 0           ; 0          ; 0            ; 0       ; 0         ; 0    ; 0            ; 0          ; |pipelined_cpu|mux2:m2_8       ; mux2          ; work         ;
;    |mux2:m2_9|             ; 8 (8)               ; 0 (0)                     ; 0           ; 0          ; 0            ; 0       ; 0         ; 0    ; 0            ; 0          ; |pipelined_cpu|mux2:m2_9       ; mux2          ; work         ;
;    |mux4:m4_1|             ; 16 (16)             ; 0 (0)                     ; 0           ; 0          ; 0            ; 0       ; 0         ; 0    ; 0            ; 0          ; |pipelined_cpu|mux4:m4_1       ; mux4          ; work         ;
;    |mux4:m4_2|             ; 16 (16)             ; 0 (0)                     ; 0           ; 0          ; 0            ; 0       ; 0         ; 0    ; 0            ; 0          ; |pipelined_cpu|mux4:m4_2       ; mux4          ; work         ;
;    |mux4:m4_3|             ; 16 (16)             ; 0 (0)                     ; 0           ; 0          ; 0            ; 0       ; 0         ; 0    ; 0            ; 0          ; |pipelined_cpu|mux4:m4_3       ; mux4          ; work         ;
;    |pc:p|                  ; 19 (19)             ; 6 (6)                     ; 0           ; 0          ; 0            ; 0       ; 0         ; 0    ; 0            ; 0          ; |pipelined_cpu|pc:p            ; pc            ; work         ;
;    |regfile:regf|          ; 36 (36)             ; 32 (32)                   ; 0           ; 0          ; 0            ; 0       ; 0         ; 0    ; 0            ; 0          ; |pipelined_cpu|regfile:regf    ; regfile       ; work         ;
;    |register:reg_10|       ; 0 (0)               ; 9 (9)                     ; 0           ; 0          ; 0            ; 0       ; 0         ; 0    ; 0            ; 0          ; |pipelined_cpu|register:reg_10 ; register      ; work         ;
;    |register:reg_11|       ; 0 (0)               ; 8 (8)                     ; 0           ; 0          ; 0            ; 0       ; 0         ; 0    ; 0            ; 0          ; |pipelined_cpu|register:reg_11 ; register      ; work         ;
;    |register:reg_12|       ; 0 (0)               ; 8 (8)                     ; 0           ; 0          ; 0            ; 0       ; 0         ; 0    ; 0            ; 0          ; |pipelined_cpu|register:reg_12 ; register      ; work         ;
;    |register:reg_13|       ; 0 (0)               ; 14 (14)                   ; 0           ; 0          ; 0            ; 0       ; 0         ; 0    ; 0            ; 0          ; |pipelined_cpu|register:reg_13 ; register      ; work         ;
;    |register:reg_14|       ; 0 (0)               ; 23 (23)                   ; 0           ; 0          ; 0            ; 0       ; 0         ; 0    ; 0            ; 0          ; |pipelined_cpu|register:reg_14 ; register      ; work         ;
;    |register:reg_15|       ; 0 (0)               ; 9 (9)                     ; 0           ; 0          ; 0            ; 0       ; 0         ; 0    ; 0            ; 0          ; |pipelined_cpu|register:reg_15 ; register      ; work         ;
;    |register:reg_16|       ; 0 (0)               ; 8 (8)                     ; 0           ; 0          ; 0            ; 0       ; 0         ; 0    ; 0            ; 0          ; |pipelined_cpu|register:reg_16 ; register      ; work         ;
;    |register:reg_17|       ; 0 (0)               ; 16 (16)                   ; 0           ; 0          ; 0            ; 0       ; 0         ; 0    ; 0            ; 0          ; |pipelined_cpu|register:reg_17 ; register      ; work         ;
;    |register:reg_18|       ; 0 (0)               ; 23 (23)                   ; 0           ; 0          ; 0            ; 0       ; 0         ; 0    ; 0            ; 0          ; |pipelined_cpu|register:reg_18 ; register      ; work         ;
;    |register:reg_19|       ; 0 (0)               ; 8 (8)                     ; 0           ; 0          ; 0            ; 0       ; 0         ; 0    ; 0            ; 0          ; |pipelined_cpu|register:reg_19 ; register      ; work         ;
;    |register:reg_1|        ; 0 (0)               ; 14 (14)                   ; 0           ; 0          ; 0            ; 0       ; 0         ; 0    ; 0            ; 0          ; |pipelined_cpu|register:reg_1  ; register      ; work         ;
;    |register:reg_2|        ; 0 (0)               ; 6 (6)                     ; 0           ; 0          ; 0            ; 0       ; 0         ; 0    ; 0            ; 0          ; |pipelined_cpu|register:reg_2  ; register      ; work         ;
;    |register:reg_3|        ; 0 (0)               ; 14 (14)                   ; 0           ; 0          ; 0            ; 0       ; 0         ; 0    ; 0            ; 0          ; |pipelined_cpu|register:reg_3  ; register      ; work         ;
;    |register:reg_4|        ; 1 (1)               ; 23 (23)                   ; 0           ; 0          ; 0            ; 0       ; 0         ; 0    ; 0            ; 0          ; |pipelined_cpu|register:reg_4  ; register      ; work         ;
;    |register:reg_5|        ; 0 (0)               ; 9 (9)                     ; 0           ; 0          ; 0            ; 0       ; 0         ; 0    ; 0            ; 0          ; |pipelined_cpu|register:reg_5  ; register      ; work         ;
;    |register:reg_6|        ; 0 (0)               ; 8 (8)                     ; 0           ; 0          ; 0            ; 0       ; 0         ; 0    ; 0            ; 0          ; |pipelined_cpu|register:reg_6  ; register      ; work         ;
;    |register:reg_7|        ; 0 (0)               ; 8 (8)                     ; 0           ; 0          ; 0            ; 0       ; 0         ; 0    ; 0            ; 0          ; |pipelined_cpu|register:reg_7  ; register      ; work         ;
;    |register:reg_8|        ; 0 (0)               ; 14 (14)                   ; 0           ; 0          ; 0            ; 0       ; 0         ; 0    ; 0            ; 0          ; |pipelined_cpu|register:reg_8  ; register      ; work         ;
;    |register:reg_9|        ; 0 (0)               ; 23 (23)                   ; 0           ; 0          ; 0            ; 0       ; 0         ; 0    ; 0            ; 0          ; |pipelined_cpu|register:reg_9  ; register      ; work         ;
+----------------------------+---------------------+---------------------------+-------------+------------+--------------+---------+-----------+------+--------------+------------+--------------------------------+---------------+--------------+
Note: For table entries with two numbers listed, the numbers in parentheses indicate the number of resources of the given type used by the specific entity alone. The numbers listed outside of parentheses indicate the total resources of the given type used by the specific entity and all of its sub-entities in the hierarchy.


+----------------------------------------------------------------------------------------+
; Registers Removed During Synthesis                                                     ;
+------------------------------------------+---------------------------------------------+
; Register name                            ; Reason for Removal                          ;
+------------------------------------------+---------------------------------------------+
; cmem:code|code[63][15]                   ; Stuck at GND due to stuck port clock_enable ;
; cmem:code|code[63][14]                   ; Stuck at GND due to stuck port clock_enable ;
; cmem:code|code[63][13]                   ; Stuck at GND due to stuck port clock_enable ;
; cmem:code|code[63][12]                   ; Stuck at GND due to stuck port clock_enable ;
; cmem:code|code[63][11]                   ; Stuck at GND due to stuck port clock_enable ;
; cmem:code|code[63][10]                   ; Stuck at GND due to stuck port clock_enable ;
; cmem:code|code[63][9]                    ; Stuck at GND due to stuck port clock_enable ;
; cmem:code|code[63][8]                    ; Stuck at GND due to stuck port clock_enable ;
; cmem:code|code[63][7]                    ; Stuck at GND due to stuck port clock_enable ;
; cmem:code|code[63][6]                    ; Stuck at GND due to stuck port clock_enable ;
; cmem:code|code[63][5]                    ; Stuck at GND due to stuck port clock_enable ;
; cmem:code|code[63][4]                    ; Stuck at GND due to stuck port clock_enable ;
; cmem:code|code[63][3]                    ; Stuck at GND due to stuck port clock_enable ;
; cmem:code|code[63][2]                    ; Stuck at GND due to stuck port clock_enable ;
; cmem:code|code[63][1]                    ; Stuck at GND due to stuck port clock_enable ;
; cmem:code|code[63][0]                    ; Stuck at GND due to stuck port clock_enable ;
; cmem:code|code[62][15]                   ; Stuck at GND due to stuck port clock_enable ;
; cmem:code|code[62][14]                   ; Stuck at GND due to stuck port clock_enable ;
; cmem:code|code[62][13]                   ; Stuck at GND due to stuck port clock_enable ;
; cmem:code|code[62][12]                   ; Stuck at GND due to stuck port clock_enable ;
; cmem:code|code[62][11]                   ; Stuck at GND due to stuck port clock_enable ;
; cmem:code|code[62][10]                   ; Stuck at GND due to stuck port clock_enable ;
; cmem:code|code[62][9]                    ; Stuck at GND due to stuck port clock_enable ;
; cmem:code|code[62][8]                    ; Stuck at GND due to stuck port clock_enable ;
; cmem:code|code[62][7]                    ; Stuck at GND due to stuck port clock_enable ;
; cmem:code|code[62][6]                    ; Stuck at GND due to stuck port clock_enable ;
; cmem:code|code[62][5]                    ; Stuck at GND due to stuck port clock_enable ;
; cmem:code|code[62][4]                    ; Stuck at GND due to stuck port clock_enable ;
; cmem:code|code[62][3]                    ; Stuck at GND due to stuck port clock_enable ;
; cmem:code|code[62][2]                    ; Stuck at GND due to stuck port clock_enable ;
; cmem:code|code[62][1]                    ; Stuck at GND due to stuck port clock_enable ;
; cmem:code|code[62][0]                    ; Stuck at GND due to stuck port clock_enable ;
; cmem:code|code[61][15]                   ; Stuck at GND due to stuck port clock_enable ;
; cmem:code|code[61][14]                   ; Stuck at GND due to stuck port clock_enable ;
; cmem:code|code[61][13]                   ; Stuck at GND due to stuck port clock_enable ;
; cmem:code|code[61][12]                   ; Stuck at GND due to stuck port clock_enable ;
; cmem:code|code[61][11]                   ; Stuck at GND due to stuck port clock_enable ;
; cmem:code|code[61][10]                   ; Stuck at GND due to stuck port clock_enable ;
; cmem:code|code[61][9]                    ; Stuck at GND due to stuck port clock_enable ;
; cmem:code|code[61][8]                    ; Stuck at GND due to stuck port clock_enable ;
; cmem:code|code[61][7]                    ; Stuck at GND due to stuck port clock_enable ;
; cmem:code|code[61][6]                    ; Stuck at GND due to stuck port clock_enable ;
; cmem:code|code[61][5]                    ; Stuck at GND due to stuck port clock_enable ;
; cmem:code|code[61][4]                    ; Stuck at GND due to stuck port clock_enable ;
; cmem:code|code[61][3]                    ; Stuck at GND due to stuck port clock_enable ;
; cmem:code|code[61][2]                    ; Stuck at GND due to stuck port clock_enable ;
; cmem:code|code[61][1]                    ; Stuck at GND due to stuck port clock_enable ;
; cmem:code|code[61][0]                    ; Stuck at GND due to stuck port clock_enable ;
; cmem:code|code[60][15]                   ; Stuck at GND due to stuck port clock_enable ;
; cmem:code|code[60][14]                   ; Stuck at GND due to stuck port clock_enable ;
; cmem:code|code[60][13]                   ; Stuck at GND due to stuck port clock_enable ;
; cmem:code|code[60][12]                   ; Stuck at GND due to stuck port clock_enable ;
; cmem:code|code[60][11]                   ; Stuck at GND due to stuck port clock_enable ;
; cmem:code|code[60][10]                   ; Stuck at GND due to stuck port clock_enable ;
; cmem:code|code[60][9]                    ; Stuck at GND due to stuck port clock_enable ;
; cmem:code|code[60][8]                    ; Stuck at GND due to stuck port clock_enable ;
; cmem:code|code[60][7]                    ; Stuck at GND due to stuck port clock_enable ;
; cmem:code|code[60][6]                    ; Stuck at GND due to stuck port clock_enable ;
; cmem:code|code[60][5]                    ; Stuck at GND due to stuck port clock_enable ;
; cmem:code|code[60][4]                    ; Stuck at GND due to stuck port clock_enable ;
; cmem:code|code[60][3]                    ; Stuck at GND due to stuck port clock_enable ;
; cmem:code|code[60][2]                    ; Stuck at GND due to stuck port clock_enable ;
; cmem:code|code[60][1]                    ; Stuck at GND due to stuck port clock_enable ;
; cmem:code|code[60][0]                    ; Stuck at GND due to stuck port clock_enable ;
; cmem:code|code[59][15]                   ; Stuck at GND due to stuck port clock_enable ;
; cmem:code|code[59][14]                   ; Stuck at GND due to stuck port clock_enable ;
; cmem:code|code[59][13]                   ; Stuck at GND due to stuck port clock_enable ;
; cmem:code|code[59][12]                   ; Stuck at GND due to stuck port clock_enable ;
; cmem:code|code[59][11]                   ; Stuck at GND due to stuck port clock_enable ;
; cmem:code|code[59][10]                   ; Stuck at GND due to stuck port clock_enable ;
; cmem:code|code[59][9]                    ; Stuck at GND due to stuck port clock_enable ;
; cmem:code|code[59][8]                    ; Stuck at GND due to stuck port clock_enable ;
; cmem:code|code[59][7]                    ; Stuck at GND due to stuck port clock_enable ;
; cmem:code|code[59][6]                    ; Stuck at GND due to stuck port clock_enable ;
; cmem:code|code[59][5]                    ; Stuck at GND due to stuck port clock_enable ;
; cmem:code|code[59][4]                    ; Stuck at GND due to stuck port clock_enable ;
; cmem:code|code[59][3]                    ; Stuck at GND due to stuck port clock_enable ;
; cmem:code|code[59][2]                    ; Stuck at GND due to stuck port clock_enable ;
; cmem:code|code[59][1]                    ; Stuck at GND due to stuck port clock_enable ;
; cmem:code|code[59][0]                    ; Stuck at GND due to stuck port clock_enable ;
; cmem:code|code[58][15]                   ; Stuck at GND due to stuck port clock_enable ;
; cmem:code|code[58][14]                   ; Stuck at GND due to stuck port clock_enable ;
; cmem:code|code[58][13]                   ; Stuck at GND due to stuck port clock_enable ;
; cmem:code|code[58][12]                   ; Stuck at GND due to stuck port clock_enable ;
; cmem:code|code[58][11]                   ; Stuck at GND due to stuck port clock_enable ;
; cmem:code|code[58][10]                   ; Stuck at GND due to stuck port clock_enable ;
; cmem:code|code[58][9]                    ; Stuck at GND due to stuck port clock_enable ;
; cmem:code|code[58][8]                    ; Stuck at GND due to stuck port clock_enable ;
; cmem:code|code[58][7]                    ; Stuck at GND due to stuck port clock_enable ;
; cmem:code|code[58][6]                    ; Stuck at GND due to stuck port clock_enable ;
; cmem:code|code[58][5]                    ; Stuck at GND due to stuck port clock_enable ;
; cmem:code|code[58][4]                    ; Stuck at GND due to stuck port clock_enable ;
; cmem:code|code[58][3]                    ; Stuck at GND due to stuck port clock_enable ;
; cmem:code|code[58][2]                    ; Stuck at GND due to stuck port clock_enable ;
; cmem:code|code[58][1]                    ; Stuck at GND due to stuck port clock_enable ;
; cmem:code|code[58][0]                    ; Stuck at GND due to stuck port clock_enable ;
; cmem:code|code[57][15]                   ; Stuck at GND due to stuck port clock_enable ;
; cmem:code|code[57][14]                   ; Stuck at GND due to stuck port clock_enable ;
; cmem:code|code[57][13]                   ; Stuck at GND due to stuck port clock_enable ;
; cmem:code|code[57][12]                   ; Stuck at GND due to stuck port clock_enable ;
; cmem:code|code[57][11]                   ; Stuck at GND due to stuck port clock_enable ;
; cmem:code|code[57][10]                   ; Stuck at GND due to stuck port clock_enable ;
; cmem:code|code[57][9]                    ; Stuck at GND due to stuck port clock_enable ;
; cmem:code|code[57][8]                    ; Stuck at GND due to stuck port clock_enable ;
; cmem:code|code[57][7]                    ; Stuck at GND due to stuck port clock_enable ;
; cmem:code|code[57][6]                    ; Stuck at GND due to stuck port clock_enable ;
; cmem:code|code[57][5]                    ; Stuck at GND due to stuck port clock_enable ;
; cmem:code|code[57][4]                    ; Stuck at GND due to stuck port clock_enable ;
; cmem:code|code[57][3]                    ; Stuck at GND due to stuck port clock_enable ;
; cmem:code|code[57][2]                    ; Stuck at GND due to stuck port clock_enable ;
; cmem:code|code[57][1]                    ; Stuck at GND due to stuck port clock_enable ;
; cmem:code|code[57][0]                    ; Stuck at GND due to stuck port clock_enable ;
; cmem:code|code[56][15]                   ; Stuck at GND due to stuck port clock_enable ;
; cmem:code|code[56][14]                   ; Stuck at GND due to stuck port clock_enable ;
; cmem:code|code[56][13]                   ; Stuck at GND due to stuck port clock_enable ;
; cmem:code|code[56][12]                   ; Stuck at GND due to stuck port clock_enable ;
; cmem:code|code[56][11]                   ; Stuck at GND due to stuck port clock_enable ;
; cmem:code|code[56][10]                   ; Stuck at GND due to stuck port clock_enable ;
; cmem:code|code[56][9]                    ; Stuck at GND due to stuck port clock_enable ;
; cmem:code|code[56][8]                    ; Stuck at GND due to stuck port clock_enable ;
; cmem:code|code[56][7]                    ; Stuck at GND due to stuck port clock_enable ;
; cmem:code|code[56][6]                    ; Stuck at GND due to stuck port clock_enable ;
; cmem:code|code[56][5]                    ; Stuck at GND due to stuck port clock_enable ;
; cmem:code|code[56][4]                    ; Stuck at GND due to stuck port clock_enable ;
; cmem:code|code[56][3]                    ; Stuck at GND due to stuck port clock_enable ;
; cmem:code|code[56][2]                    ; Stuck at GND due to stuck port clock_enable ;
; cmem:code|code[56][1]                    ; Stuck at GND due to stuck port clock_enable ;
; cmem:code|code[56][0]                    ; Stuck at GND due to stuck port clock_enable ;
; cmem:code|code[55][15]                   ; Stuck at GND due to stuck port clock_enable ;
; cmem:code|code[55][14]                   ; Stuck at GND due to stuck port clock_enable ;
; cmem:code|code[55][13]                   ; Stuck at GND due to stuck port clock_enable ;
; cmem:code|code[55][12]                   ; Stuck at GND due to stuck port clock_enable ;
; cmem:code|code[55][11]                   ; Stuck at GND due to stuck port clock_enable ;
; cmem:code|code[55][10]                   ; Stuck at GND due to stuck port clock_enable ;
; cmem:code|code[55][9]                    ; Stuck at GND due to stuck port clock_enable ;
; cmem:code|code[55][8]                    ; Stuck at GND due to stuck port clock_enable ;
; cmem:code|code[55][7]                    ; Stuck at GND due to stuck port clock_enable ;
; cmem:code|code[55][6]                    ; Stuck at GND due to stuck port clock_enable ;
; cmem:code|code[55][5]                    ; Stuck at GND due to stuck port clock_enable ;
; cmem:code|code[55][4]                    ; Stuck at GND due to stuck port clock_enable ;
; cmem:code|code[55][3]                    ; Stuck at GND due to stuck port clock_enable ;
; cmem:code|code[55][2]                    ; Stuck at GND due to stuck port clock_enable ;
; cmem:code|code[55][1]                    ; Stuck at GND due to stuck port clock_enable ;
; cmem:code|code[55][0]                    ; Stuck at GND due to stuck port clock_enable ;
; cmem:code|code[54][15]                   ; Stuck at GND due to stuck port clock_enable ;
; cmem:code|code[54][14]                   ; Stuck at GND due to stuck port clock_enable ;
; cmem:code|code[54][13]                   ; Stuck at GND due to stuck port clock_enable ;
; cmem:code|code[54][12]                   ; Stuck at GND due to stuck port clock_enable ;
; cmem:code|code[54][11]                   ; Stuck at GND due to stuck port clock_enable ;
; cmem:code|code[54][10]                   ; Stuck at GND due to stuck port clock_enable ;
; cmem:code|code[54][9]                    ; Stuck at GND due to stuck port clock_enable ;
; cmem:code|code[54][8]                    ; Stuck at GND due to stuck port clock_enable ;
; cmem:code|code[54][7]                    ; Stuck at GND due to stuck port clock_enable ;
; cmem:code|code[54][6]                    ; Stuck at GND due to stuck port clock_enable ;
; cmem:code|code[54][5]                    ; Stuck at GND due to stuck port clock_enable ;
; cmem:code|code[54][4]                    ; Stuck at GND due to stuck port clock_enable ;
; cmem:code|code[54][3]                    ; Stuck at GND due to stuck port clock_enable ;
; cmem:code|code[54][2]                    ; Stuck at GND due to stuck port clock_enable ;
; cmem:code|code[54][1]                    ; Stuck at GND due to stuck port clock_enable ;
; cmem:code|code[54][0]                    ; Stuck at GND due to stuck port clock_enable ;
; cmem:code|code[53][15]                   ; Stuck at GND due to stuck port clock_enable ;
; cmem:code|code[53][14]                   ; Stuck at GND due to stuck port clock_enable ;
; cmem:code|code[53][13]                   ; Stuck at GND due to stuck port clock_enable ;
; cmem:code|code[53][12]                   ; Stuck at GND due to stuck port clock_enable ;
; cmem:code|code[53][11]                   ; Stuck at GND due to stuck port clock_enable ;
; cmem:code|code[53][10]                   ; Stuck at GND due to stuck port clock_enable ;
; cmem:code|code[53][9]                    ; Stuck at GND due to stuck port clock_enable ;
; cmem:code|code[53][8]                    ; Stuck at GND due to stuck port clock_enable ;
; cmem:code|code[53][7]                    ; Stuck at GND due to stuck port clock_enable ;
; cmem:code|code[53][6]                    ; Stuck at GND due to stuck port clock_enable ;
; cmem:code|code[53][5]                    ; Stuck at GND due to stuck port clock_enable ;
; cmem:code|code[53][4]                    ; Stuck at GND due to stuck port clock_enable ;
; cmem:code|code[53][3]                    ; Stuck at GND due to stuck port clock_enable ;
; cmem:code|code[53][2]                    ; Stuck at GND due to stuck port clock_enable ;
; cmem:code|code[53][1]                    ; Stuck at GND due to stuck port clock_enable ;
; cmem:code|code[53][0]                    ; Stuck at GND due to stuck port clock_enable ;
; cmem:code|code[52][15]                   ; Stuck at GND due to stuck port clock_enable ;
; cmem:code|code[52][14]                   ; Stuck at GND due to stuck port clock_enable ;
; cmem:code|code[52][13]                   ; Stuck at GND due to stuck port clock_enable ;
; cmem:code|code[52][12]                   ; Stuck at GND due to stuck port clock_enable ;
; cmem:code|code[52][11]                   ; Stuck at GND due to stuck port clock_enable ;
; cmem:code|code[52][10]                   ; Stuck at GND due to stuck port clock_enable ;
; cmem:code|code[52][9]                    ; Stuck at GND due to stuck port clock_enable ;
; cmem:code|code[52][8]                    ; Stuck at GND due to stuck port clock_enable ;
; cmem:code|code[52][7]                    ; Stuck at GND due to stuck port clock_enable ;
; cmem:code|code[52][6]                    ; Stuck at GND due to stuck port clock_enable ;
; cmem:code|code[52][5]                    ; Stuck at GND due to stuck port clock_enable ;
; cmem:code|code[52][4]                    ; Stuck at GND due to stuck port clock_enable ;
; cmem:code|code[52][3]                    ; Stuck at GND due to stuck port clock_enable ;
; cmem:code|code[52][2]                    ; Stuck at GND due to stuck port clock_enable ;
; cmem:code|code[52][1]                    ; Stuck at GND due to stuck port clock_enable ;
; cmem:code|code[52][0]                    ; Stuck at GND due to stuck port clock_enable ;
; cmem:code|code[51][15]                   ; Stuck at GND due to stuck port clock_enable ;
; cmem:code|code[51][14]                   ; Stuck at GND due to stuck port clock_enable ;
; cmem:code|code[51][13]                   ; Stuck at GND due to stuck port clock_enable ;
; cmem:code|code[51][12]                   ; Stuck at GND due to stuck port clock_enable ;
; cmem:code|code[51][11]                   ; Stuck at GND due to stuck port clock_enable ;
; cmem:code|code[51][10]                   ; Stuck at GND due to stuck port clock_enable ;
; cmem:code|code[51][9]                    ; Stuck at GND due to stuck port clock_enable ;
; cmem:code|code[51][8]                    ; Stuck at GND due to stuck port clock_enable ;
; cmem:code|code[51][7]                    ; Stuck at GND due to stuck port clock_enable ;
; cmem:code|code[51][6]                    ; Stuck at GND due to stuck port clock_enable ;
; cmem:code|code[51][5]                    ; Stuck at GND due to stuck port clock_enable ;
; cmem:code|code[51][4]                    ; Stuck at GND due to stuck port clock_enable ;
; cmem:code|code[51][3]                    ; Stuck at GND due to stuck port clock_enable ;
; cmem:code|code[51][2]                    ; Stuck at GND due to stuck port clock_enable ;
; cmem:code|code[51][1]                    ; Stuck at GND due to stuck port clock_enable ;
; cmem:code|code[51][0]                    ; Stuck at GND due to stuck port clock_enable ;
; cmem:code|code[50][15]                   ; Stuck at GND due to stuck port clock_enable ;
; cmem:code|code[50][14]                   ; Stuck at GND due to stuck port clock_enable ;
; cmem:code|code[50][13]                   ; Stuck at GND due to stuck port clock_enable ;
; cmem:code|code[50][12]                   ; Stuck at GND due to stuck port clock_enable ;
; cmem:code|code[50][11]                   ; Stuck at GND due to stuck port clock_enable ;
; cmem:code|code[50][10]                   ; Stuck at GND due to stuck port clock_enable ;
; cmem:code|code[50][9]                    ; Stuck at GND due to stuck port clock_enable ;
; cmem:code|code[50][8]                    ; Stuck at GND due to stuck port clock_enable ;
; cmem:code|code[50][7]                    ; Stuck at GND due to stuck port clock_enable ;
; cmem:code|code[50][6]                    ; Stuck at GND due to stuck port clock_enable ;
; cmem:code|code[50][5]                    ; Stuck at GND due to stuck port clock_enable ;
; cmem:code|code[50][4]                    ; Stuck at GND due to stuck port clock_enable ;
; cmem:code|code[50][3]                    ; Stuck at GND due to stuck port clock_enable ;
; cmem:code|code[50][2]                    ; Stuck at GND due to stuck port clock_enable ;
; cmem:code|code[50][1]                    ; Stuck at GND due to stuck port clock_enable ;
; cmem:code|code[50][0]                    ; Stuck at GND due to stuck port clock_enable ;
; cmem:code|code[49][15]                   ; Stuck at GND due to stuck port clock_enable ;
; cmem:code|code[49][14]                   ; Stuck at GND due to stuck port clock_enable ;
; cmem:code|code[49][13]                   ; Stuck at GND due to stuck port clock_enable ;
; cmem:code|code[49][12]                   ; Stuck at GND due to stuck port clock_enable ;
; cmem:code|code[49][11]                   ; Stuck at GND due to stuck port clock_enable ;
; cmem:code|code[49][10]                   ; Stuck at GND due to stuck port clock_enable ;
; cmem:code|code[49][9]                    ; Stuck at GND due to stuck port clock_enable ;
; cmem:code|code[49][8]                    ; Stuck at GND due to stuck port clock_enable ;
; cmem:code|code[49][7]                    ; Stuck at GND due to stuck port clock_enable ;
; cmem:code|code[49][6]                    ; Stuck at GND due to stuck port clock_enable ;
; cmem:code|code[49][5]                    ; Stuck at GND due to stuck port clock_enable ;
; cmem:code|code[49][4]                    ; Stuck at GND due to stuck port clock_enable ;
; cmem:code|code[49][3]                    ; Stuck at GND due to stuck port clock_enable ;
; cmem:code|code[49][2]                    ; Stuck at GND due to stuck port clock_enable ;
; cmem:code|code[49][1]                    ; Stuck at GND due to stuck port clock_enable ;
; cmem:code|code[49][0]                    ; Stuck at GND due to stuck port clock_enable ;
; cmem:code|code[48][15]                   ; Stuck at GND due to stuck port clock_enable ;
; cmem:code|code[48][14]                   ; Stuck at GND due to stuck port clock_enable ;
; cmem:code|code[48][13]                   ; Stuck at GND due to stuck port clock_enable ;
; cmem:code|code[48][12]                   ; Stuck at GND due to stuck port clock_enable ;
; cmem:code|code[48][11]                   ; Stuck at GND due to stuck port clock_enable ;
; cmem:code|code[48][10]                   ; Stuck at GND due to stuck port clock_enable ;
; cmem:code|code[48][9]                    ; Stuck at GND due to stuck port clock_enable ;
; cmem:code|code[48][8]                    ; Stuck at GND due to stuck port clock_enable ;
; cmem:code|code[48][7]                    ; Stuck at GND due to stuck port clock_enable ;
; cmem:code|code[48][6]                    ; Stuck at GND due to stuck port clock_enable ;
; cmem:code|code[48][5]                    ; Stuck at GND due to stuck port clock_enable ;
; cmem:code|code[48][4]                    ; Stuck at GND due to stuck port clock_enable ;
; cmem:code|code[48][3]                    ; Stuck at GND due to stuck port clock_enable ;
; cmem:code|code[48][2]                    ; Stuck at GND due to stuck port clock_enable ;
; cmem:code|code[48][1]                    ; Stuck at GND due to stuck port clock_enable ;
; cmem:code|code[48][0]                    ; Stuck at GND due to stuck port clock_enable ;
; cmem:code|code[47][15]                   ; Stuck at GND due to stuck port clock_enable ;
; cmem:code|code[47][14]                   ; Stuck at GND due to stuck port clock_enable ;
; cmem:code|code[47][13]                   ; Stuck at GND due to stuck port clock_enable ;
; cmem:code|code[47][12]                   ; Stuck at GND due to stuck port clock_enable ;
; cmem:code|code[47][11]                   ; Stuck at GND due to stuck port clock_enable ;
; cmem:code|code[47][10]                   ; Stuck at GND due to stuck port clock_enable ;
; cmem:code|code[47][9]                    ; Stuck at GND due to stuck port clock_enable ;
; cmem:code|code[47][8]                    ; Stuck at GND due to stuck port clock_enable ;
; cmem:code|code[47][7]                    ; Stuck at GND due to stuck port clock_enable ;
; cmem:code|code[47][6]                    ; Stuck at GND due to stuck port clock_enable ;
; cmem:code|code[47][5]                    ; Stuck at GND due to stuck port clock_enable ;
; cmem:code|code[47][4]                    ; Stuck at GND due to stuck port clock_enable ;
; cmem:code|code[47][3]                    ; Stuck at GND due to stuck port clock_enable ;
; cmem:code|code[47][2]                    ; Stuck at GND due to stuck port clock_enable ;
; cmem:code|code[47][1]                    ; Stuck at GND due to stuck port clock_enable ;
; cmem:code|code[47][0]                    ; Stuck at GND due to stuck port clock_enable ;
; cmem:code|code[46][15]                   ; Stuck at GND due to stuck port clock_enable ;
; cmem:code|code[46][14]                   ; Stuck at GND due to stuck port clock_enable ;
; cmem:code|code[46][13]                   ; Stuck at GND due to stuck port clock_enable ;
; cmem:code|code[46][12]                   ; Stuck at GND due to stuck port clock_enable ;
; cmem:code|code[46][11]                   ; Stuck at GND due to stuck port clock_enable ;
; cmem:code|code[46][10]                   ; Stuck at GND due to stuck port clock_enable ;
; cmem:code|code[46][9]                    ; Stuck at GND due to stuck port clock_enable ;
; cmem:code|code[46][8]                    ; Stuck at GND due to stuck port clock_enable ;
; cmem:code|code[46][7]                    ; Stuck at GND due to stuck port clock_enable ;
; cmem:code|code[46][6]                    ; Stuck at GND due to stuck port clock_enable ;
; cmem:code|code[46][5]                    ; Stuck at GND due to stuck port clock_enable ;
; cmem:code|code[46][4]                    ; Stuck at GND due to stuck port clock_enable ;
; cmem:code|code[46][3]                    ; Stuck at GND due to stuck port clock_enable ;
; cmem:code|code[46][2]                    ; Stuck at GND due to stuck port clock_enable ;
; cmem:code|code[46][1]                    ; Stuck at GND due to stuck port clock_enable ;
; cmem:code|code[46][0]                    ; Stuck at GND due to stuck port clock_enable ;
; cmem:code|code[45][15]                   ; Stuck at GND due to stuck port clock_enable ;
; cmem:code|code[45][14]                   ; Stuck at GND due to stuck port clock_enable ;
; cmem:code|code[45][13]                   ; Stuck at GND due to stuck port clock_enable ;
; cmem:code|code[45][12]                   ; Stuck at GND due to stuck port clock_enable ;
; cmem:code|code[45][11]                   ; Stuck at GND due to stuck port clock_enable ;
; cmem:code|code[45][10]                   ; Stuck at GND due to stuck port clock_enable ;
; cmem:code|code[45][9]                    ; Stuck at GND due to stuck port clock_enable ;
; cmem:code|code[45][8]                    ; Stuck at GND due to stuck port clock_enable ;
; cmem:code|code[45][7]                    ; Stuck at GND due to stuck port clock_enable ;
; cmem:code|code[45][6]                    ; Stuck at GND due to stuck port clock_enable ;
; cmem:code|code[45][5]                    ; Stuck at GND due to stuck port clock_enable ;
; cmem:code|code[45][4]                    ; Stuck at GND due to stuck port clock_enable ;
; cmem:code|code[45][3]                    ; Stuck at GND due to stuck port clock_enable ;
; cmem:code|code[45][2]                    ; Stuck at GND due to stuck port clock_enable ;
; cmem:code|code[45][1]                    ; Stuck at GND due to stuck port clock_enable ;
; cmem:code|code[45][0]                    ; Stuck at GND due to stuck port clock_enable ;
; cmem:code|code[44][15]                   ; Stuck at GND due to stuck port clock_enable ;
; cmem:code|code[44][14]                   ; Stuck at GND due to stuck port clock_enable ;
; cmem:code|code[44][13]                   ; Stuck at GND due to stuck port clock_enable ;
; cmem:code|code[44][12]                   ; Stuck at GND due to stuck port clock_enable ;
; cmem:code|code[44][11]                   ; Stuck at GND due to stuck port clock_enable ;
; cmem:code|code[44][10]                   ; Stuck at GND due to stuck port clock_enable ;
; cmem:code|code[44][9]                    ; Stuck at GND due to stuck port clock_enable ;
; cmem:code|code[44][8]                    ; Stuck at GND due to stuck port clock_enable ;
; cmem:code|code[44][7]                    ; Stuck at GND due to stuck port clock_enable ;
; cmem:code|code[44][6]                    ; Stuck at GND due to stuck port clock_enable ;
; cmem:code|code[44][5]                    ; Stuck at GND due to stuck port clock_enable ;
; cmem:code|code[44][4]                    ; Stuck at GND due to stuck port clock_enable ;
; cmem:code|code[44][3]                    ; Stuck at GND due to stuck port clock_enable ;
; cmem:code|code[44][2]                    ; Stuck at GND due to stuck port clock_enable ;
; cmem:code|code[44][1]                    ; Stuck at GND due to stuck port clock_enable ;
; cmem:code|code[44][0]                    ; Stuck at GND due to stuck port clock_enable ;
; cmem:code|code[43][15]                   ; Stuck at GND due to stuck port clock_enable ;
; cmem:code|code[43][14]                   ; Stuck at GND due to stuck port clock_enable ;
; cmem:code|code[43][13]                   ; Stuck at GND due to stuck port clock_enable ;
; cmem:code|code[43][12]                   ; Stuck at GND due to stuck port clock_enable ;
; cmem:code|code[43][11]                   ; Stuck at GND due to stuck port clock_enable ;
; cmem:code|code[43][10]                   ; Stuck at GND due to stuck port clock_enable ;
; cmem:code|code[43][9]                    ; Stuck at GND due to stuck port clock_enable ;
; cmem:code|code[43][8]                    ; Stuck at GND due to stuck port clock_enable ;
; cmem:code|code[43][7]                    ; Stuck at GND due to stuck port clock_enable ;
; cmem:code|code[43][6]                    ; Stuck at GND due to stuck port clock_enable ;
; cmem:code|code[43][5]                    ; Stuck at GND due to stuck port clock_enable ;
; cmem:code|code[43][4]                    ; Stuck at GND due to stuck port clock_enable ;
; cmem:code|code[43][3]                    ; Stuck at GND due to stuck port clock_enable ;
; cmem:code|code[43][2]                    ; Stuck at GND due to stuck port clock_enable ;
; cmem:code|code[43][1]                    ; Stuck at GND due to stuck port clock_enable ;
; cmem:code|code[43][0]                    ; Stuck at GND due to stuck port clock_enable ;
; cmem:code|code[42][15]                   ; Stuck at GND due to stuck port clock_enable ;
; cmem:code|code[42][14]                   ; Stuck at GND due to stuck port clock_enable ;
; cmem:code|code[42][13]                   ; Stuck at GND due to stuck port clock_enable ;
; cmem:code|code[42][12]                   ; Stuck at GND due to stuck port clock_enable ;
; cmem:code|code[42][11]                   ; Stuck at GND due to stuck port clock_enable ;
; cmem:code|code[42][10]                   ; Stuck at GND due to stuck port clock_enable ;
; cmem:code|code[42][9]                    ; Stuck at GND due to stuck port clock_enable ;
; cmem:code|code[42][8]                    ; Stuck at GND due to stuck port clock_enable ;
; cmem:code|code[42][7]                    ; Stuck at GND due to stuck port clock_enable ;
; cmem:code|code[42][6]                    ; Stuck at GND due to stuck port clock_enable ;
; cmem:code|code[42][5]                    ; Stuck at GND due to stuck port clock_enable ;
; cmem:code|code[42][4]                    ; Stuck at GND due to stuck port clock_enable ;
; cmem:code|code[42][3]                    ; Stuck at GND due to stuck port clock_enable ;
; cmem:code|code[42][2]                    ; Stuck at GND due to stuck port clock_enable ;
; cmem:code|code[42][1]                    ; Stuck at GND due to stuck port clock_enable ;
; cmem:code|code[42][0]                    ; Stuck at GND due to stuck port clock_enable ;
; cmem:code|code[41][15]                   ; Stuck at GND due to stuck port clock_enable ;
; cmem:code|code[41][14]                   ; Stuck at GND due to stuck port clock_enable ;
; cmem:code|code[41][13]                   ; Stuck at GND due to stuck port clock_enable ;
; cmem:code|code[41][12]                   ; Stuck at GND due to stuck port clock_enable ;
; cmem:code|code[41][11]                   ; Stuck at GND due to stuck port clock_enable ;
; cmem:code|code[41][10]                   ; Stuck at GND due to stuck port clock_enable ;
; cmem:code|code[41][9]                    ; Stuck at GND due to stuck port clock_enable ;
; cmem:code|code[41][8]                    ; Stuck at GND due to stuck port clock_enable ;
; cmem:code|code[41][7]                    ; Stuck at GND due to stuck port clock_enable ;
; cmem:code|code[41][6]                    ; Stuck at GND due to stuck port clock_enable ;
; cmem:code|code[41][5]                    ; Stuck at GND due to stuck port clock_enable ;
; cmem:code|code[41][4]                    ; Stuck at GND due to stuck port clock_enable ;
; cmem:code|code[41][3]                    ; Stuck at GND due to stuck port clock_enable ;
; cmem:code|code[41][2]                    ; Stuck at GND due to stuck port clock_enable ;
; cmem:code|code[41][1]                    ; Stuck at GND due to stuck port clock_enable ;
; cmem:code|code[41][0]                    ; Stuck at GND due to stuck port clock_enable ;
; cmem:code|code[40][15]                   ; Stuck at GND due to stuck port clock_enable ;
; cmem:code|code[40][14]                   ; Stuck at GND due to stuck port clock_enable ;
; cmem:code|code[40][13]                   ; Stuck at GND due to stuck port clock_enable ;
; cmem:code|code[40][12]                   ; Stuck at GND due to stuck port clock_enable ;
; cmem:code|code[40][11]                   ; Stuck at GND due to stuck port clock_enable ;
; cmem:code|code[40][10]                   ; Stuck at GND due to stuck port clock_enable ;
; cmem:code|code[40][9]                    ; Stuck at GND due to stuck port clock_enable ;
; cmem:code|code[40][8]                    ; Stuck at GND due to stuck port clock_enable ;
; cmem:code|code[40][7]                    ; Stuck at GND due to stuck port clock_enable ;
; cmem:code|code[40][6]                    ; Stuck at GND due to stuck port clock_enable ;
; cmem:code|code[40][5]                    ; Stuck at GND due to stuck port clock_enable ;
; cmem:code|code[40][4]                    ; Stuck at GND due to stuck port clock_enable ;
; cmem:code|code[40][3]                    ; Stuck at GND due to stuck port clock_enable ;
; cmem:code|code[40][2]                    ; Stuck at GND due to stuck port clock_enable ;
; cmem:code|code[40][1]                    ; Stuck at GND due to stuck port clock_enable ;
; cmem:code|code[40][0]                    ; Stuck at GND due to stuck port clock_enable ;
; cmem:code|code[39][15]                   ; Stuck at GND due to stuck port clock_enable ;
; cmem:code|code[39][14]                   ; Stuck at GND due to stuck port clock_enable ;
; cmem:code|code[39][13]                   ; Stuck at GND due to stuck port clock_enable ;
; cmem:code|code[39][12]                   ; Stuck at GND due to stuck port clock_enable ;
; cmem:code|code[39][11]                   ; Stuck at GND due to stuck port clock_enable ;
; cmem:code|code[39][10]                   ; Stuck at GND due to stuck port clock_enable ;
; cmem:code|code[39][9]                    ; Stuck at GND due to stuck port clock_enable ;
; cmem:code|code[39][8]                    ; Stuck at GND due to stuck port clock_enable ;
; cmem:code|code[39][7]                    ; Stuck at GND due to stuck port clock_enable ;
; cmem:code|code[39][6]                    ; Stuck at GND due to stuck port clock_enable ;
; cmem:code|code[39][5]                    ; Stuck at GND due to stuck port clock_enable ;
; cmem:code|code[39][4]                    ; Stuck at GND due to stuck port clock_enable ;
; cmem:code|code[39][3]                    ; Stuck at GND due to stuck port clock_enable ;
; cmem:code|code[39][2]                    ; Stuck at GND due to stuck port clock_enable ;
; cmem:code|code[39][1]                    ; Stuck at GND due to stuck port clock_enable ;
; cmem:code|code[39][0]                    ; Stuck at GND due to stuck port clock_enable ;
; cmem:code|code[38][15]                   ; Stuck at GND due to stuck port clock_enable ;
; cmem:code|code[38][14]                   ; Stuck at GND due to stuck port clock_enable ;
; cmem:code|code[38][13]                   ; Stuck at GND due to stuck port clock_enable ;
; cmem:code|code[38][12]                   ; Stuck at GND due to stuck port clock_enable ;
; cmem:code|code[38][11]                   ; Stuck at GND due to stuck port clock_enable ;
; cmem:code|code[38][10]                   ; Stuck at GND due to stuck port clock_enable ;
; cmem:code|code[38][9]                    ; Stuck at GND due to stuck port clock_enable ;
; cmem:code|code[38][8]                    ; Stuck at GND due to stuck port clock_enable ;
; cmem:code|code[38][7]                    ; Stuck at GND due to stuck port clock_enable ;
; cmem:code|code[38][6]                    ; Stuck at GND due to stuck port clock_enable ;
; cmem:code|code[38][5]                    ; Stuck at GND due to stuck port clock_enable ;
; cmem:code|code[38][4]                    ; Stuck at GND due to stuck port clock_enable ;
; cmem:code|code[38][3]                    ; Stuck at GND due to stuck port clock_enable ;
; cmem:code|code[38][2]                    ; Stuck at GND due to stuck port clock_enable ;
; cmem:code|code[38][1]                    ; Stuck at GND due to stuck port clock_enable ;
; cmem:code|code[38][0]                    ; Stuck at GND due to stuck port clock_enable ;
; cmem:code|code[37][15]                   ; Stuck at GND due to stuck port clock_enable ;
; cmem:code|code[37][14]                   ; Stuck at GND due to stuck port clock_enable ;
; cmem:code|code[37][13]                   ; Stuck at GND due to stuck port clock_enable ;
; cmem:code|code[37][12]                   ; Stuck at GND due to stuck port clock_enable ;
; cmem:code|code[37][11]                   ; Stuck at GND due to stuck port clock_enable ;
; cmem:code|code[37][10]                   ; Stuck at GND due to stuck port clock_enable ;
; cmem:code|code[37][9]                    ; Stuck at GND due to stuck port clock_enable ;
; cmem:code|code[37][8]                    ; Stuck at GND due to stuck port clock_enable ;
; cmem:code|code[37][7]                    ; Stuck at GND due to stuck port clock_enable ;
; cmem:code|code[37][6]                    ; Stuck at GND due to stuck port clock_enable ;
; cmem:code|code[37][5]                    ; Stuck at GND due to stuck port clock_enable ;
; cmem:code|code[37][4]                    ; Stuck at GND due to stuck port clock_enable ;
; cmem:code|code[37][3]                    ; Stuck at GND due to stuck port clock_enable ;
; cmem:code|code[37][2]                    ; Stuck at GND due to stuck port clock_enable ;
; cmem:code|code[37][1]                    ; Stuck at GND due to stuck port clock_enable ;
; cmem:code|code[37][0]                    ; Stuck at GND due to stuck port clock_enable ;
; cmem:code|code[36][15]                   ; Stuck at GND due to stuck port clock_enable ;
; cmem:code|code[36][14]                   ; Stuck at GND due to stuck port clock_enable ;
; cmem:code|code[36][13]                   ; Stuck at GND due to stuck port clock_enable ;
; cmem:code|code[36][12]                   ; Stuck at GND due to stuck port clock_enable ;
; cmem:code|code[36][11]                   ; Stuck at GND due to stuck port clock_enable ;
; cmem:code|code[36][10]                   ; Stuck at GND due to stuck port clock_enable ;
; cmem:code|code[36][9]                    ; Stuck at GND due to stuck port clock_enable ;
; cmem:code|code[36][8]                    ; Stuck at GND due to stuck port clock_enable ;
; cmem:code|code[36][7]                    ; Stuck at GND due to stuck port clock_enable ;
; cmem:code|code[36][6]                    ; Stuck at GND due to stuck port clock_enable ;
; cmem:code|code[36][5]                    ; Stuck at GND due to stuck port clock_enable ;
; cmem:code|code[36][4]                    ; Stuck at GND due to stuck port clock_enable ;
; cmem:code|code[36][3]                    ; Stuck at GND due to stuck port clock_enable ;
; cmem:code|code[36][2]                    ; Stuck at GND due to stuck port clock_enable ;
; cmem:code|code[36][1]                    ; Stuck at GND due to stuck port clock_enable ;
; cmem:code|code[36][0]                    ; Stuck at GND due to stuck port clock_enable ;
; cmem:code|code[35][15]                   ; Stuck at GND due to stuck port clock_enable ;
; cmem:code|code[35][14]                   ; Stuck at GND due to stuck port clock_enable ;
; cmem:code|code[35][13]                   ; Stuck at GND due to stuck port clock_enable ;
; cmem:code|code[35][12]                   ; Stuck at GND due to stuck port clock_enable ;
; cmem:code|code[35][11]                   ; Stuck at GND due to stuck port clock_enable ;
; cmem:code|code[35][10]                   ; Stuck at GND due to stuck port clock_enable ;
; cmem:code|code[35][9]                    ; Stuck at GND due to stuck port clock_enable ;
; cmem:code|code[35][8]                    ; Stuck at GND due to stuck port clock_enable ;
; cmem:code|code[35][7]                    ; Stuck at GND due to stuck port clock_enable ;
; cmem:code|code[35][6]                    ; Stuck at GND due to stuck port clock_enable ;
; cmem:code|code[35][5]                    ; Stuck at GND due to stuck port clock_enable ;
; cmem:code|code[35][4]                    ; Stuck at GND due to stuck port clock_enable ;
; cmem:code|code[35][3]                    ; Stuck at GND due to stuck port clock_enable ;
; cmem:code|code[35][2]                    ; Stuck at GND due to stuck port clock_enable ;
; cmem:code|code[35][1]                    ; Stuck at GND due to stuck port clock_enable ;
; cmem:code|code[35][0]                    ; Stuck at GND due to stuck port clock_enable ;
; cmem:code|code[34][15]                   ; Stuck at GND due to stuck port clock_enable ;
; cmem:code|code[34][14]                   ; Stuck at GND due to stuck port clock_enable ;
; cmem:code|code[34][13]                   ; Stuck at GND due to stuck port clock_enable ;
; cmem:code|code[34][12]                   ; Stuck at GND due to stuck port clock_enable ;
; cmem:code|code[34][11]                   ; Stuck at GND due to stuck port clock_enable ;
; cmem:code|code[34][10]                   ; Stuck at GND due to stuck port clock_enable ;
; cmem:code|code[34][9]                    ; Stuck at GND due to stuck port clock_enable ;
; cmem:code|code[34][8]                    ; Stuck at GND due to stuck port clock_enable ;
; cmem:code|code[34][7]                    ; Stuck at GND due to stuck port clock_enable ;
; cmem:code|code[34][6]                    ; Stuck at GND due to stuck port clock_enable ;
; cmem:code|code[34][5]                    ; Stuck at GND due to stuck port clock_enable ;
; cmem:code|code[34][4]                    ; Stuck at GND due to stuck port clock_enable ;
; cmem:code|code[34][3]                    ; Stuck at GND due to stuck port clock_enable ;
; cmem:code|code[34][2]                    ; Stuck at GND due to stuck port clock_enable ;
; cmem:code|code[34][1]                    ; Stuck at GND due to stuck port clock_enable ;
; cmem:code|code[34][0]                    ; Stuck at GND due to stuck port clock_enable ;
; cmem:code|code[33][15]                   ; Stuck at GND due to stuck port clock_enable ;
; cmem:code|code[33][14]                   ; Stuck at GND due to stuck port clock_enable ;
; cmem:code|code[33][13]                   ; Stuck at GND due to stuck port clock_enable ;
; cmem:code|code[33][12]                   ; Stuck at GND due to stuck port clock_enable ;
; cmem:code|code[33][11]                   ; Stuck at GND due to stuck port clock_enable ;
; cmem:code|code[33][10]                   ; Stuck at GND due to stuck port clock_enable ;
; cmem:code|code[33][9]                    ; Stuck at GND due to stuck port clock_enable ;
; cmem:code|code[33][8]                    ; Stuck at GND due to stuck port clock_enable ;
; cmem:code|code[33][7]                    ; Stuck at GND due to stuck port clock_enable ;
; cmem:code|code[33][6]                    ; Stuck at GND due to stuck port clock_enable ;
; cmem:code|code[33][5]                    ; Stuck at GND due to stuck port clock_enable ;
; cmem:code|code[33][4]                    ; Stuck at GND due to stuck port clock_enable ;
; cmem:code|code[33][3]                    ; Stuck at GND due to stuck port clock_enable ;
; cmem:code|code[33][2]                    ; Stuck at GND due to stuck port clock_enable ;
; cmem:code|code[33][1]                    ; Stuck at GND due to stuck port clock_enable ;
; cmem:code|code[33][0]                    ; Stuck at GND due to stuck port clock_enable ;
; cmem:code|code[32][15]                   ; Stuck at GND due to stuck port clock_enable ;
; cmem:code|code[32][14]                   ; Stuck at GND due to stuck port clock_enable ;
; cmem:code|code[32][13]                   ; Stuck at GND due to stuck port clock_enable ;
; cmem:code|code[32][12]                   ; Stuck at GND due to stuck port clock_enable ;
; cmem:code|code[32][11]                   ; Stuck at GND due to stuck port clock_enable ;
; cmem:code|code[32][10]                   ; Stuck at GND due to stuck port clock_enable ;
; cmem:code|code[32][9]                    ; Stuck at GND due to stuck port clock_enable ;
; cmem:code|code[32][8]                    ; Stuck at GND due to stuck port clock_enable ;
; cmem:code|code[32][7]                    ; Stuck at GND due to stuck port clock_enable ;
; cmem:code|code[32][6]                    ; Stuck at GND due to stuck port clock_enable ;
; cmem:code|code[32][5]                    ; Stuck at GND due to stuck port clock_enable ;
; cmem:code|code[32][4]                    ; Stuck at GND due to stuck port clock_enable ;
; cmem:code|code[32][3]                    ; Stuck at GND due to stuck port clock_enable ;
; cmem:code|code[32][2]                    ; Stuck at GND due to stuck port clock_enable ;
; cmem:code|code[32][1]                    ; Stuck at GND due to stuck port clock_enable ;
; cmem:code|code[32][0]                    ; Stuck at GND due to stuck port clock_enable ;
; cmem:code|code[31][15]                   ; Stuck at GND due to stuck port clock_enable ;
; cmem:code|code[31][14]                   ; Stuck at GND due to stuck port clock_enable ;
; cmem:code|code[31][13]                   ; Stuck at GND due to stuck port clock_enable ;
; cmem:code|code[31][12]                   ; Stuck at GND due to stuck port clock_enable ;
; cmem:code|code[31][11]                   ; Stuck at GND due to stuck port clock_enable ;
; cmem:code|code[31][10]                   ; Stuck at GND due to stuck port clock_enable ;
; cmem:code|code[31][9]                    ; Stuck at GND due to stuck port clock_enable ;
; cmem:code|code[31][8]                    ; Stuck at GND due to stuck port clock_enable ;
; cmem:code|code[31][7]                    ; Stuck at GND due to stuck port clock_enable ;
; cmem:code|code[31][6]                    ; Stuck at GND due to stuck port clock_enable ;
; cmem:code|code[31][5]                    ; Stuck at GND due to stuck port clock_enable ;
; cmem:code|code[31][4]                    ; Stuck at GND due to stuck port clock_enable ;
; cmem:code|code[31][3]                    ; Stuck at GND due to stuck port clock_enable ;
; cmem:code|code[31][2]                    ; Stuck at GND due to stuck port clock_enable ;
; cmem:code|code[31][1]                    ; Stuck at GND due to stuck port clock_enable ;
; cmem:code|code[31][0]                    ; Stuck at GND due to stuck port clock_enable ;
; cmem:code|code[30][15]                   ; Stuck at GND due to stuck port clock_enable ;
; cmem:code|code[30][14]                   ; Stuck at GND due to stuck port clock_enable ;
; cmem:code|code[30][13]                   ; Stuck at GND due to stuck port clock_enable ;
; cmem:code|code[30][12]                   ; Stuck at GND due to stuck port clock_enable ;
; cmem:code|code[30][11]                   ; Stuck at GND due to stuck port clock_enable ;
; cmem:code|code[30][10]                   ; Stuck at GND due to stuck port clock_enable ;
; cmem:code|code[30][9]                    ; Stuck at GND due to stuck port clock_enable ;
; cmem:code|code[30][8]                    ; Stuck at GND due to stuck port clock_enable ;
; cmem:code|code[30][7]                    ; Stuck at GND due to stuck port clock_enable ;
; cmem:code|code[30][6]                    ; Stuck at GND due to stuck port clock_enable ;
; cmem:code|code[30][5]                    ; Stuck at GND due to stuck port clock_enable ;
; cmem:code|code[30][4]                    ; Stuck at GND due to stuck port clock_enable ;
; cmem:code|code[30][3]                    ; Stuck at GND due to stuck port clock_enable ;
; cmem:code|code[30][2]                    ; Stuck at GND due to stuck port clock_enable ;
; cmem:code|code[30][1]                    ; Stuck at GND due to stuck port clock_enable ;
; cmem:code|code[30][0]                    ; Stuck at GND due to stuck port clock_enable ;
; cmem:code|code[29][15]                   ; Stuck at GND due to stuck port clock_enable ;
; cmem:code|code[29][14]                   ; Stuck at GND due to stuck port clock_enable ;
; cmem:code|code[29][13]                   ; Stuck at GND due to stuck port clock_enable ;
; cmem:code|code[29][12]                   ; Stuck at GND due to stuck port clock_enable ;
; cmem:code|code[29][11]                   ; Stuck at GND due to stuck port clock_enable ;
; cmem:code|code[29][10]                   ; Stuck at GND due to stuck port clock_enable ;
; cmem:code|code[29][9]                    ; Stuck at GND due to stuck port clock_enable ;
; cmem:code|code[29][8]                    ; Stuck at GND due to stuck port clock_enable ;
; cmem:code|code[29][7]                    ; Stuck at GND due to stuck port clock_enable ;
; cmem:code|code[29][6]                    ; Stuck at GND due to stuck port clock_enable ;
; cmem:code|code[29][5]                    ; Stuck at GND due to stuck port clock_enable ;
; cmem:code|code[29][4]                    ; Stuck at GND due to stuck port clock_enable ;
; cmem:code|code[29][3]                    ; Stuck at GND due to stuck port clock_enable ;
; cmem:code|code[29][2]                    ; Stuck at GND due to stuck port clock_enable ;
; cmem:code|code[29][1]                    ; Stuck at GND due to stuck port clock_enable ;
; cmem:code|code[29][0]                    ; Stuck at GND due to stuck port clock_enable ;
; cmem:code|code[28][15]                   ; Stuck at GND due to stuck port clock_enable ;
; cmem:code|code[28][14]                   ; Stuck at GND due to stuck port clock_enable ;
; cmem:code|code[28][13]                   ; Stuck at GND due to stuck port clock_enable ;
; cmem:code|code[28][12]                   ; Stuck at GND due to stuck port clock_enable ;
; cmem:code|code[28][11]                   ; Stuck at GND due to stuck port clock_enable ;
; cmem:code|code[28][10]                   ; Stuck at GND due to stuck port clock_enable ;
; cmem:code|code[28][9]                    ; Stuck at GND due to stuck port clock_enable ;
; cmem:code|code[28][8]                    ; Stuck at GND due to stuck port clock_enable ;
; cmem:code|code[28][7]                    ; Stuck at GND due to stuck port clock_enable ;
; cmem:code|code[28][6]                    ; Stuck at GND due to stuck port clock_enable ;
; cmem:code|code[28][5]                    ; Stuck at GND due to stuck port clock_enable ;
; cmem:code|code[28][4]                    ; Stuck at GND due to stuck port clock_enable ;
; cmem:code|code[28][3]                    ; Stuck at GND due to stuck port clock_enable ;
; cmem:code|code[28][2]                    ; Stuck at GND due to stuck port clock_enable ;
; cmem:code|code[28][1]                    ; Stuck at GND due to stuck port clock_enable ;
; cmem:code|code[28][0]                    ; Stuck at GND due to stuck port clock_enable ;
; cmem:code|code[27][15]                   ; Stuck at GND due to stuck port clock_enable ;
; cmem:code|code[27][14]                   ; Stuck at GND due to stuck port clock_enable ;
; cmem:code|code[27][13]                   ; Stuck at GND due to stuck port clock_enable ;
; cmem:code|code[27][12]                   ; Stuck at GND due to stuck port clock_enable ;
; cmem:code|code[27][11]                   ; Stuck at GND due to stuck port clock_enable ;
; cmem:code|code[27][10]                   ; Stuck at GND due to stuck port clock_enable ;
; cmem:code|code[27][9]                    ; Stuck at GND due to stuck port clock_enable ;
; cmem:code|code[27][8]                    ; Stuck at GND due to stuck port clock_enable ;
; cmem:code|code[27][7]                    ; Stuck at GND due to stuck port clock_enable ;
; cmem:code|code[27][6]                    ; Stuck at GND due to stuck port clock_enable ;
; cmem:code|code[27][5]                    ; Stuck at GND due to stuck port clock_enable ;
; cmem:code|code[27][4]                    ; Stuck at GND due to stuck port clock_enable ;
; cmem:code|code[27][3]                    ; Stuck at GND due to stuck port clock_enable ;
; cmem:code|code[27][2]                    ; Stuck at GND due to stuck port clock_enable ;
; cmem:code|code[27][1]                    ; Stuck at GND due to stuck port clock_enable ;
; cmem:code|code[27][0]                    ; Stuck at GND due to stuck port clock_enable ;
; cmem:code|code[26][15]                   ; Stuck at GND due to stuck port clock_enable ;
; cmem:code|code[26][14]                   ; Stuck at GND due to stuck port clock_enable ;
; cmem:code|code[26][13]                   ; Stuck at GND due to stuck port clock_enable ;
; cmem:code|code[26][12]                   ; Stuck at GND due to stuck port clock_enable ;
; cmem:code|code[26][11]                   ; Stuck at GND due to stuck port clock_enable ;
; cmem:code|code[26][10]                   ; Stuck at GND due to stuck port clock_enable ;
; cmem:code|code[26][9]                    ; Stuck at GND due to stuck port clock_enable ;
; cmem:code|code[26][8]                    ; Stuck at GND due to stuck port clock_enable ;
; cmem:code|code[26][7]                    ; Stuck at GND due to stuck port clock_enable ;
; cmem:code|code[26][6]                    ; Stuck at GND due to stuck port clock_enable ;
; cmem:code|code[26][5]                    ; Stuck at GND due to stuck port clock_enable ;
; cmem:code|code[26][4]                    ; Stuck at GND due to stuck port clock_enable ;
; cmem:code|code[26][3]                    ; Stuck at GND due to stuck port clock_enable ;
; cmem:code|code[26][2]                    ; Stuck at GND due to stuck port clock_enable ;
; cmem:code|code[26][1]                    ; Stuck at GND due to stuck port clock_enable ;
; cmem:code|code[26][0]                    ; Stuck at GND due to stuck port clock_enable ;
; cmem:code|code[25][15]                   ; Stuck at GND due to stuck port clock_enable ;
; cmem:code|code[25][14]                   ; Stuck at GND due to stuck port clock_enable ;
; cmem:code|code[25][13]                   ; Stuck at GND due to stuck port clock_enable ;
; cmem:code|code[25][12]                   ; Stuck at GND due to stuck port clock_enable ;
; cmem:code|code[25][11]                   ; Stuck at GND due to stuck port clock_enable ;
; cmem:code|code[25][10]                   ; Stuck at GND due to stuck port clock_enable ;
; cmem:code|code[25][9]                    ; Stuck at GND due to stuck port clock_enable ;
; cmem:code|code[25][8]                    ; Stuck at GND due to stuck port clock_enable ;
; cmem:code|code[25][7]                    ; Stuck at GND due to stuck port clock_enable ;
; cmem:code|code[25][6]                    ; Stuck at GND due to stuck port clock_enable ;
; cmem:code|code[25][5]                    ; Stuck at GND due to stuck port clock_enable ;
; cmem:code|code[25][4]                    ; Stuck at GND due to stuck port clock_enable ;
; cmem:code|code[25][3]                    ; Stuck at GND due to stuck port clock_enable ;
; cmem:code|code[25][2]                    ; Stuck at GND due to stuck port clock_enable ;
; cmem:code|code[25][1]                    ; Stuck at GND due to stuck port clock_enable ;
; cmem:code|code[25][0]                    ; Stuck at GND due to stuck port clock_enable ;
; cmem:code|code[24][15]                   ; Stuck at GND due to stuck port clock_enable ;
; cmem:code|code[24][14]                   ; Stuck at GND due to stuck port clock_enable ;
; cmem:code|code[24][13]                   ; Stuck at GND due to stuck port clock_enable ;
; cmem:code|code[24][12]                   ; Stuck at GND due to stuck port clock_enable ;
; cmem:code|code[24][11]                   ; Stuck at GND due to stuck port clock_enable ;
; cmem:code|code[24][10]                   ; Stuck at GND due to stuck port clock_enable ;
; cmem:code|code[24][9]                    ; Stuck at GND due to stuck port clock_enable ;
; cmem:code|code[24][8]                    ; Stuck at GND due to stuck port clock_enable ;
; cmem:code|code[24][7]                    ; Stuck at GND due to stuck port clock_enable ;
; cmem:code|code[24][6]                    ; Stuck at GND due to stuck port clock_enable ;
; cmem:code|code[24][5]                    ; Stuck at GND due to stuck port clock_enable ;
; cmem:code|code[24][4]                    ; Stuck at GND due to stuck port clock_enable ;
; cmem:code|code[24][3]                    ; Stuck at GND due to stuck port clock_enable ;
; cmem:code|code[24][2]                    ; Stuck at GND due to stuck port clock_enable ;
; cmem:code|code[24][1]                    ; Stuck at GND due to stuck port clock_enable ;
; cmem:code|code[24][0]                    ; Stuck at GND due to stuck port clock_enable ;
; cmem:code|code[23][15]                   ; Stuck at GND due to stuck port clock_enable ;
; cmem:code|code[23][14]                   ; Stuck at GND due to stuck port clock_enable ;
; cmem:code|code[23][13]                   ; Stuck at GND due to stuck port clock_enable ;
; cmem:code|code[23][12]                   ; Stuck at GND due to stuck port clock_enable ;
; cmem:code|code[23][11]                   ; Stuck at GND due to stuck port clock_enable ;
; cmem:code|code[23][10]                   ; Stuck at GND due to stuck port clock_enable ;
; cmem:code|code[23][9]                    ; Stuck at GND due to stuck port clock_enable ;
; cmem:code|code[23][8]                    ; Stuck at GND due to stuck port clock_enable ;
; cmem:code|code[23][7]                    ; Stuck at GND due to stuck port clock_enable ;
; cmem:code|code[23][6]                    ; Stuck at GND due to stuck port clock_enable ;
; cmem:code|code[23][5]                    ; Stuck at GND due to stuck port clock_enable ;
; cmem:code|code[23][4]                    ; Stuck at GND due to stuck port clock_enable ;
; cmem:code|code[23][3]                    ; Stuck at GND due to stuck port clock_enable ;
; cmem:code|code[23][2]                    ; Stuck at GND due to stuck port clock_enable ;
; cmem:code|code[23][1]                    ; Stuck at GND due to stuck port clock_enable ;
; cmem:code|code[23][0]                    ; Stuck at GND due to stuck port clock_enable ;
; cmem:code|code[22][15]                   ; Stuck at GND due to stuck port clock_enable ;
; cmem:code|code[22][14]                   ; Stuck at GND due to stuck port clock_enable ;
; cmem:code|code[22][13]                   ; Stuck at GND due to stuck port clock_enable ;
; cmem:code|code[22][12]                   ; Stuck at GND due to stuck port clock_enable ;
; cmem:code|code[22][11]                   ; Stuck at GND due to stuck port clock_enable ;
; cmem:code|code[22][10]                   ; Stuck at GND due to stuck port clock_enable ;
; cmem:code|code[22][9]                    ; Stuck at GND due to stuck port clock_enable ;
; cmem:code|code[22][8]                    ; Stuck at GND due to stuck port clock_enable ;
; cmem:code|code[22][7]                    ; Stuck at GND due to stuck port clock_enable ;
; cmem:code|code[22][6]                    ; Stuck at GND due to stuck port clock_enable ;
; cmem:code|code[22][5]                    ; Stuck at GND due to stuck port clock_enable ;
; cmem:code|code[22][4]                    ; Stuck at GND due to stuck port clock_enable ;
; cmem:code|code[22][3]                    ; Stuck at GND due to stuck port clock_enable ;
; cmem:code|code[22][2]                    ; Stuck at GND due to stuck port clock_enable ;
; cmem:code|code[22][1]                    ; Stuck at GND due to stuck port clock_enable ;
; cmem:code|code[22][0]                    ; Stuck at GND due to stuck port clock_enable ;
; cmem:code|code[21][15]                   ; Stuck at GND due to stuck port clock_enable ;
; cmem:code|code[21][14]                   ; Stuck at GND due to stuck port clock_enable ;
; cmem:code|code[21][13]                   ; Stuck at GND due to stuck port clock_enable ;
; cmem:code|code[21][12]                   ; Stuck at GND due to stuck port clock_enable ;
; cmem:code|code[21][11]                   ; Stuck at GND due to stuck port clock_enable ;
; cmem:code|code[21][10]                   ; Stuck at GND due to stuck port clock_enable ;
; cmem:code|code[21][9]                    ; Stuck at GND due to stuck port clock_enable ;
; cmem:code|code[21][8]                    ; Stuck at GND due to stuck port clock_enable ;
; cmem:code|code[21][7]                    ; Stuck at GND due to stuck port clock_enable ;
; cmem:code|code[21][6]                    ; Stuck at GND due to stuck port clock_enable ;
; cmem:code|code[21][5]                    ; Stuck at GND due to stuck port clock_enable ;
; cmem:code|code[21][4]                    ; Stuck at GND due to stuck port clock_enable ;
; cmem:code|code[21][3]                    ; Stuck at GND due to stuck port clock_enable ;
; cmem:code|code[21][2]                    ; Stuck at GND due to stuck port clock_enable ;
; cmem:code|code[21][1]                    ; Stuck at GND due to stuck port clock_enable ;
; cmem:code|code[21][0]                    ; Stuck at GND due to stuck port clock_enable ;
; cmem:code|code[20][15]                   ; Stuck at GND due to stuck port clock_enable ;
; cmem:code|code[20][14]                   ; Stuck at GND due to stuck port clock_enable ;
; cmem:code|code[20][13]                   ; Stuck at GND due to stuck port clock_enable ;
; cmem:code|code[20][12]                   ; Stuck at GND due to stuck port clock_enable ;
; cmem:code|code[20][11]                   ; Stuck at GND due to stuck port clock_enable ;
; cmem:code|code[20][10]                   ; Stuck at GND due to stuck port clock_enable ;
; cmem:code|code[20][9]                    ; Stuck at GND due to stuck port clock_enable ;
; cmem:code|code[20][8]                    ; Stuck at GND due to stuck port clock_enable ;
; cmem:code|code[20][7]                    ; Stuck at GND due to stuck port clock_enable ;
; cmem:code|code[20][6]                    ; Stuck at GND due to stuck port clock_enable ;
; cmem:code|code[20][5]                    ; Stuck at GND due to stuck port clock_enable ;
; cmem:code|code[20][4]                    ; Stuck at GND due to stuck port clock_enable ;
; cmem:code|code[20][3]                    ; Stuck at GND due to stuck port clock_enable ;
; cmem:code|code[20][2]                    ; Stuck at GND due to stuck port clock_enable ;
; cmem:code|code[20][1]                    ; Stuck at GND due to stuck port clock_enable ;
; cmem:code|code[20][0]                    ; Stuck at GND due to stuck port clock_enable ;
; cmem:code|code[19][15]                   ; Stuck at GND due to stuck port clock_enable ;
; cmem:code|code[19][14]                   ; Stuck at GND due to stuck port clock_enable ;
; cmem:code|code[19][13]                   ; Stuck at GND due to stuck port clock_enable ;
; cmem:code|code[19][12]                   ; Stuck at GND due to stuck port clock_enable ;
; cmem:code|code[19][11]                   ; Stuck at GND due to stuck port clock_enable ;
; cmem:code|code[19][10]                   ; Stuck at GND due to stuck port clock_enable ;
; cmem:code|code[19][9]                    ; Stuck at GND due to stuck port clock_enable ;
; cmem:code|code[19][8]                    ; Stuck at GND due to stuck port clock_enable ;
; cmem:code|code[19][7]                    ; Stuck at GND due to stuck port clock_enable ;
; cmem:code|code[19][6]                    ; Stuck at GND due to stuck port clock_enable ;
; cmem:code|code[19][5]                    ; Stuck at GND due to stuck port clock_enable ;
; cmem:code|code[19][4]                    ; Stuck at GND due to stuck port clock_enable ;
; cmem:code|code[19][3]                    ; Stuck at GND due to stuck port clock_enable ;
; cmem:code|code[19][2]                    ; Stuck at GND due to stuck port clock_enable ;
; cmem:code|code[19][1]                    ; Stuck at GND due to stuck port clock_enable ;
; cmem:code|code[19][0]                    ; Stuck at GND due to stuck port clock_enable ;
; cmem:code|code[18][15]                   ; Stuck at VCC due to stuck port clock_enable ;
; cmem:code|code[18][14]                   ; Stuck at VCC due to stuck port clock_enable ;
; cmem:code|code[18][13]                   ; Stuck at VCC due to stuck port clock_enable ;
; cmem:code|code[18][12]                   ; Stuck at GND due to stuck port clock_enable ;
; cmem:code|code[18][11]                   ; Stuck at GND due to stuck port clock_enable ;
; cmem:code|code[18][10]                   ; Stuck at GND due to stuck port clock_enable ;
; cmem:code|code[18][9]                    ; Stuck at GND due to stuck port clock_enable ;
; cmem:code|code[18][8]                    ; Stuck at GND due to stuck port clock_enable ;
; cmem:code|code[18][7]                    ; Stuck at VCC due to stuck port clock_enable ;
; cmem:code|code[18][6]                    ; Stuck at VCC due to stuck port clock_enable ;
; cmem:code|code[18][5]                    ; Stuck at VCC due to stuck port clock_enable ;
; cmem:code|code[18][4]                    ; Stuck at GND due to stuck port clock_enable ;
; cmem:code|code[18][3]                    ; Stuck at VCC due to stuck port clock_enable ;
; cmem:code|code[18][2]                    ; Stuck at VCC due to stuck port clock_enable ;
; cmem:code|code[18][1]                    ; Stuck at VCC due to stuck port clock_enable ;
; cmem:code|code[18][0]                    ; Stuck at GND due to stuck port clock_enable ;
; cmem:code|code[17][15]                   ; Stuck at GND due to stuck port clock_enable ;
; cmem:code|code[17][14]                   ; Stuck at VCC due to stuck port clock_enable ;
; cmem:code|code[17][13]                   ; Stuck at GND due to stuck port clock_enable ;
; cmem:code|code[17][12]                   ; Stuck at VCC due to stuck port clock_enable ;
; cmem:code|code[17][11]                   ; Stuck at GND due to stuck port clock_enable ;
; cmem:code|code[17][10]                   ; Stuck at GND due to stuck port clock_enable ;
; cmem:code|code[17][9]                    ; Stuck at GND due to stuck port clock_enable ;
; cmem:code|code[17][8]                    ; Stuck at GND due to stuck port clock_enable ;
; cmem:code|code[17][7]                    ; Stuck at GND due to stuck port clock_enable ;
; cmem:code|code[17][6]                    ; Stuck at GND due to stuck port clock_enable ;
; cmem:code|code[17][5]                    ; Stuck at GND due to stuck port clock_enable ;
; cmem:code|code[17][4]                    ; Stuck at GND due to stuck port clock_enable ;
; cmem:code|code[17][3]                    ; Stuck at GND due to stuck port clock_enable ;
; cmem:code|code[17][2]                    ; Stuck at GND due to stuck port clock_enable ;
; cmem:code|code[17][1]                    ; Stuck at GND due to stuck port clock_enable ;
; cmem:code|code[17][0]                    ; Stuck at VCC due to stuck port clock_enable ;
; cmem:code|code[16][15]                   ; Stuck at VCC due to stuck port clock_enable ;
; cmem:code|code[16][14]                   ; Stuck at VCC due to stuck port clock_enable ;
; cmem:code|code[16][13]                   ; Stuck at VCC due to stuck port clock_enable ;
; cmem:code|code[16][12]                   ; Stuck at GND due to stuck port clock_enable ;
; cmem:code|code[16][11]                   ; Stuck at GND due to stuck port clock_enable ;
; cmem:code|code[16][10]                   ; Stuck at GND due to stuck port clock_enable ;
; cmem:code|code[16][9]                    ; Stuck at GND due to stuck port clock_enable ;
; cmem:code|code[16][8]                    ; Stuck at GND due to stuck port clock_enable ;
; cmem:code|code[16][7]                    ; Stuck at VCC due to stuck port clock_enable ;
; cmem:code|code[16][6]                    ; Stuck at VCC due to stuck port clock_enable ;
; cmem:code|code[16][5]                    ; Stuck at VCC due to stuck port clock_enable ;
; cmem:code|code[16][4]                    ; Stuck at VCC due to stuck port clock_enable ;
; cmem:code|code[16][3]                    ; Stuck at GND due to stuck port clock_enable ;
; cmem:code|code[16][2]                    ; Stuck at VCC due to stuck port clock_enable ;
; cmem:code|code[16][1]                    ; Stuck at GND due to stuck port clock_enable ;
; cmem:code|code[16][0]                    ; Stuck at GND due to stuck port clock_enable ;
; cmem:code|code[15][15]                   ; Stuck at GND due to stuck port clock_enable ;
; cmem:code|code[15][14]                   ; Stuck at VCC due to stuck port clock_enable ;
; cmem:code|code[15][13]                   ; Stuck at GND due to stuck port clock_enable ;
; cmem:code|code[15][12]                   ; Stuck at VCC due to stuck port clock_enable ;
; cmem:code|code[15][11]                   ; Stuck at GND due to stuck port clock_enable ;
; cmem:code|code[15][10]                   ; Stuck at VCC due to stuck port clock_enable ;
; cmem:code|code[15][9]                    ; Stuck at GND due to stuck port clock_enable ;
; cmem:code|code[15][8]                    ; Stuck at GND due to stuck port clock_enable ;
; cmem:code|code[15][7]                    ; Stuck at GND due to stuck port clock_enable ;
; cmem:code|code[15][6]                    ; Stuck at GND due to stuck port clock_enable ;
; cmem:code|code[15][5]                    ; Stuck at GND due to stuck port clock_enable ;
; cmem:code|code[15][4]                    ; Stuck at GND due to stuck port clock_enable ;
; cmem:code|code[15][3]                    ; Stuck at GND due to stuck port clock_enable ;
; cmem:code|code[15][2]                    ; Stuck at GND due to stuck port clock_enable ;
; cmem:code|code[15][1]                    ; Stuck at GND due to stuck port clock_enable ;
; cmem:code|code[15][0]                    ; Stuck at VCC due to stuck port clock_enable ;
; cmem:code|code[14][15]                   ; Stuck at VCC due to stuck port clock_enable ;
; cmem:code|code[14][14]                   ; Stuck at GND due to stuck port clock_enable ;
; cmem:code|code[14][13]                   ; Stuck at VCC due to stuck port clock_enable ;
; cmem:code|code[14][12]                   ; Stuck at VCC due to stuck port clock_enable ;
; cmem:code|code[14][11]                   ; Stuck at VCC due to stuck port clock_enable ;
; cmem:code|code[14][10]                   ; Stuck at GND due to stuck port clock_enable ;
; cmem:code|code[14][9]                    ; Stuck at GND due to stuck port clock_enable ;
; cmem:code|code[14][8]                    ; Stuck at VCC due to stuck port clock_enable ;
; cmem:code|code[14][7]                    ; Stuck at GND due to stuck port clock_enable ;
; cmem:code|code[14][6]                    ; Stuck at GND due to stuck port clock_enable ;
; cmem:code|code[14][5]                    ; Stuck at GND due to stuck port clock_enable ;
; cmem:code|code[14][4]                    ; Stuck at GND due to stuck port clock_enable ;
; cmem:code|code[14][3]                    ; Stuck at GND due to stuck port clock_enable ;
; cmem:code|code[14][2]                    ; Stuck at GND due to stuck port clock_enable ;
; cmem:code|code[14][1]                    ; Stuck at GND due to stuck port clock_enable ;
; cmem:code|code[14][0]                    ; Stuck at VCC due to stuck port clock_enable ;
; cmem:code|code[13][15]                   ; Stuck at VCC due to stuck port clock_enable ;
; cmem:code|code[13][14]                   ; Stuck at GND due to stuck port clock_enable ;
; cmem:code|code[13][13]                   ; Stuck at VCC due to stuck port clock_enable ;
; cmem:code|code[13][12]                   ; Stuck at VCC due to stuck port clock_enable ;
; cmem:code|code[13][11]                   ; Stuck at VCC due to stuck port clock_enable ;
; cmem:code|code[13][10]                   ; Stuck at VCC due to stuck port clock_enable ;
; cmem:code|code[13][9]                    ; Stuck at GND due to stuck port clock_enable ;
; cmem:code|code[13][8]                    ; Stuck at VCC due to stuck port clock_enable ;
; cmem:code|code[13][7]                    ; Stuck at GND due to stuck port clock_enable ;
; cmem:code|code[13][6]                    ; Stuck at GND due to stuck port clock_enable ;
; cmem:code|code[13][5]                    ; Stuck at GND due to stuck port clock_enable ;
; cmem:code|code[13][4]                    ; Stuck at GND due to stuck port clock_enable ;
; cmem:code|code[13][3]                    ; Stuck at GND due to stuck port clock_enable ;
; cmem:code|code[13][2]                    ; Stuck at GND due to stuck port clock_enable ;
; cmem:code|code[13][1]                    ; Stuck at GND due to stuck port clock_enable ;
; cmem:code|code[13][0]                    ; Stuck at GND due to stuck port clock_enable ;
; cmem:code|code[12][15]                   ; Stuck at VCC due to stuck port clock_enable ;
; cmem:code|code[12][14]                   ; Stuck at VCC due to stuck port clock_enable ;
; cmem:code|code[12][13]                   ; Stuck at VCC due to stuck port clock_enable ;
; cmem:code|code[12][12]                   ; Stuck at VCC due to stuck port clock_enable ;
; cmem:code|code[12][11]                   ; Stuck at GND due to stuck port clock_enable ;
; cmem:code|code[12][10]                   ; Stuck at GND due to stuck port clock_enable ;
; cmem:code|code[12][9]                    ; Stuck at VCC due to stuck port clock_enable ;
; cmem:code|code[12][8]                    ; Stuck at VCC due to stuck port clock_enable ;
; cmem:code|code[12][7]                    ; Stuck at GND due to stuck port clock_enable ;
; cmem:code|code[12][6]                    ; Stuck at GND due to stuck port clock_enable ;
; cmem:code|code[12][5]                    ; Stuck at GND due to stuck port clock_enable ;
; cmem:code|code[12][4]                    ; Stuck at GND due to stuck port clock_enable ;
; cmem:code|code[12][3]                    ; Stuck at GND due to stuck port clock_enable ;
; cmem:code|code[12][2]                    ; Stuck at GND due to stuck port clock_enable ;
; cmem:code|code[12][1]                    ; Stuck at VCC due to stuck port clock_enable ;
; cmem:code|code[12][0]                    ; Stuck at GND due to stuck port clock_enable ;
; cmem:code|code[11][15]                   ; Stuck at VCC due to stuck port clock_enable ;
; cmem:code|code[11][14]                   ; Stuck at VCC due to stuck port clock_enable ;
; cmem:code|code[11][13]                   ; Stuck at GND due to stuck port clock_enable ;
; cmem:code|code[11][12]                   ; Stuck at VCC due to stuck port clock_enable ;
; cmem:code|code[11][11]                   ; Stuck at VCC due to stuck port clock_enable ;
; cmem:code|code[11][10]                   ; Stuck at VCC due to stuck port clock_enable ;
; cmem:code|code[11][9]                    ; Stuck at VCC due to stuck port clock_enable ;
; cmem:code|code[11][8]                    ; Stuck at GND due to stuck port clock_enable ;
; cmem:code|code[11][7]                    ; Stuck at GND due to stuck port clock_enable ;
; cmem:code|code[11][6]                    ; Stuck at GND due to stuck port clock_enable ;
; cmem:code|code[11][5]                    ; Stuck at GND due to stuck port clock_enable ;
; cmem:code|code[11][4]                    ; Stuck at GND due to stuck port clock_enable ;
; cmem:code|code[11][3]                    ; Stuck at GND due to stuck port clock_enable ;
; cmem:code|code[11][2]                    ; Stuck at GND due to stuck port clock_enable ;
; cmem:code|code[11][1]                    ; Stuck at GND due to stuck port clock_enable ;
; cmem:code|code[11][0]                    ; Stuck at GND due to stuck port clock_enable ;
; cmem:code|code[10][15]                   ; Stuck at VCC due to stuck port clock_enable ;
; cmem:code|code[10][14]                   ; Stuck at GND due to stuck port clock_enable ;
; cmem:code|code[10][13]                   ; Stuck at GND due to stuck port clock_enable ;
; cmem:code|code[10][12]                   ; Stuck at VCC due to stuck port clock_enable ;
; cmem:code|code[10][11]                   ; Stuck at VCC due to stuck port clock_enable ;
; cmem:code|code[10][10]                   ; Stuck at VCC due to stuck port clock_enable ;
; cmem:code|code[10][9]                    ; Stuck at GND due to stuck port clock_enable ;
; cmem:code|code[10][8]                    ; Stuck at VCC due to stuck port clock_enable ;
; cmem:code|code[10][7]                    ; Stuck at GND due to stuck port clock_enable ;
; cmem:code|code[10][6]                    ; Stuck at GND due to stuck port clock_enable ;
; cmem:code|code[10][5]                    ; Stuck at GND due to stuck port clock_enable ;
; cmem:code|code[10][4]                    ; Stuck at GND due to stuck port clock_enable ;
; cmem:code|code[10][3]                    ; Stuck at GND due to stuck port clock_enable ;
; cmem:code|code[10][2]                    ; Stuck at GND due to stuck port clock_enable ;
; cmem:code|code[10][1]                    ; Stuck at GND due to stuck port clock_enable ;
; cmem:code|code[10][0]                    ; Stuck at VCC due to stuck port clock_enable ;
; cmem:code|code[9][15]                    ; Stuck at VCC due to stuck port clock_enable ;
; cmem:code|code[9][14]                    ; Stuck at GND due to stuck port clock_enable ;
; cmem:code|code[9][13]                    ; Stuck at GND due to stuck port clock_enable ;
; cmem:code|code[9][12]                    ; Stuck at VCC due to stuck port clock_enable ;
; cmem:code|code[9][11]                    ; Stuck at VCC due to stuck port clock_enable ;
; cmem:code|code[9][10]                    ; Stuck at GND due to stuck port clock_enable ;
; cmem:code|code[9][9]                     ; Stuck at GND due to stuck port clock_enable ;
; cmem:code|code[9][8]                     ; Stuck at VCC due to stuck port clock_enable ;
; cmem:code|code[9][7]                     ; Stuck at GND due to stuck port clock_enable ;
; cmem:code|code[9][6]                     ; Stuck at GND due to stuck port clock_enable ;
; cmem:code|code[9][5]                     ; Stuck at GND due to stuck port clock_enable ;
; cmem:code|code[9][4]                     ; Stuck at GND due to stuck port clock_enable ;
; cmem:code|code[9][3]                     ; Stuck at GND due to stuck port clock_enable ;
; cmem:code|code[9][2]                     ; Stuck at GND due to stuck port clock_enable ;
; cmem:code|code[9][1]                     ; Stuck at GND due to stuck port clock_enable ;
; cmem:code|code[9][0]                     ; Stuck at GND due to stuck port clock_enable ;
; cmem:code|code[8][15]                    ; Stuck at VCC due to stuck port clock_enable ;
; cmem:code|code[8][14]                    ; Stuck at VCC due to stuck port clock_enable ;
; cmem:code|code[8][13]                    ; Stuck at VCC due to stuck port clock_enable ;
; cmem:code|code[8][12]                    ; Stuck at VCC due to stuck port clock_enable ;
; cmem:code|code[8][11]                    ; Stuck at GND due to stuck port clock_enable ;
; cmem:code|code[8][10]                    ; Stuck at GND due to stuck port clock_enable ;
; cmem:code|code[8][9]                     ; Stuck at VCC due to stuck port clock_enable ;
; cmem:code|code[8][8]                     ; Stuck at VCC due to stuck port clock_enable ;
; cmem:code|code[8][7]                     ; Stuck at GND due to stuck port clock_enable ;
; cmem:code|code[8][6]                     ; Stuck at GND due to stuck port clock_enable ;
; cmem:code|code[8][5]                     ; Stuck at GND due to stuck port clock_enable ;
; cmem:code|code[8][4]                     ; Stuck at GND due to stuck port clock_enable ;
; cmem:code|code[8][3]                     ; Stuck at VCC due to stuck port clock_enable ;
; cmem:code|code[8][2]                     ; Stuck at GND due to stuck port clock_enable ;
; cmem:code|code[8][1]                     ; Stuck at GND due to stuck port clock_enable ;
; cmem:code|code[8][0]                     ; Stuck at GND due to stuck port clock_enable ;
; cmem:code|code[7][15]                    ; Stuck at VCC due to stuck port clock_enable ;
; cmem:code|code[7][14]                    ; Stuck at VCC due to stuck port clock_enable ;
; cmem:code|code[7][13]                    ; Stuck at GND due to stuck port clock_enable ;
; cmem:code|code[7][12]                    ; Stuck at VCC due to stuck port clock_enable ;
; cmem:code|code[7][11]                    ; Stuck at GND due to stuck port clock_enable ;
; cmem:code|code[7][10]                    ; Stuck at VCC due to stuck port clock_enable ;
; cmem:code|code[7][9]                     ; Stuck at VCC due to stuck port clock_enable ;
; cmem:code|code[7][8]                     ; Stuck at VCC due to stuck port clock_enable ;
; cmem:code|code[7][7]                     ; Stuck at GND due to stuck port clock_enable ;
; cmem:code|code[7][6]                     ; Stuck at GND due to stuck port clock_enable ;
; cmem:code|code[7][5]                     ; Stuck at GND due to stuck port clock_enable ;
; cmem:code|code[7][4]                     ; Stuck at GND due to stuck port clock_enable ;
; cmem:code|code[7][3]                     ; Stuck at GND due to stuck port clock_enable ;
; cmem:code|code[7][2]                     ; Stuck at GND due to stuck port clock_enable ;
; cmem:code|code[7][1]                     ; Stuck at GND due to stuck port clock_enable ;
; cmem:code|code[7][0]                     ; Stuck at GND due to stuck port clock_enable ;
; cmem:code|code[6][15]                    ; Stuck at GND due to stuck port clock_enable ;
; cmem:code|code[6][14]                    ; Stuck at VCC due to stuck port clock_enable ;
; cmem:code|code[6][13]                    ; Stuck at VCC due to stuck port clock_enable ;
; cmem:code|code[6][12]                    ; Stuck at GND due to stuck port clock_enable ;
; cmem:code|code[6][11]                    ; Stuck at VCC due to stuck port clock_enable ;
; cmem:code|code[6][10]                    ; Stuck at VCC due to stuck port clock_enable ;
; cmem:code|code[6][9]                     ; Stuck at GND due to stuck port clock_enable ;
; cmem:code|code[6][8]                     ; Stuck at GND due to stuck port clock_enable ;
; cmem:code|code[6][7]                     ; Stuck at GND due to stuck port clock_enable ;
; cmem:code|code[6][6]                     ; Stuck at GND due to stuck port clock_enable ;
; cmem:code|code[6][5]                     ; Stuck at GND due to stuck port clock_enable ;
; cmem:code|code[6][4]                     ; Stuck at GND due to stuck port clock_enable ;
; cmem:code|code[6][3]                     ; Stuck at GND due to stuck port clock_enable ;
; cmem:code|code[6][2]                     ; Stuck at GND due to stuck port clock_enable ;
; cmem:code|code[6][1]                     ; Stuck at GND due to stuck port clock_enable ;
; cmem:code|code[6][0]                     ; Stuck at GND due to stuck port clock_enable ;
; cmem:code|code[5][15]                    ; Stuck at VCC due to stuck port clock_enable ;
; cmem:code|code[5][14]                    ; Stuck at GND due to stuck port clock_enable ;
; cmem:code|code[5][13]                    ; Stuck at GND due to stuck port clock_enable ;
; cmem:code|code[5][12]                    ; Stuck at GND due to stuck port clock_enable ;
; cmem:code|code[5][11]                    ; Stuck at VCC due to stuck port clock_enable ;
; cmem:code|code[5][10]                    ; Stuck at VCC due to stuck port clock_enable ;
; cmem:code|code[5][9]                     ; Stuck at GND due to stuck port clock_enable ;
; cmem:code|code[5][8]                     ; Stuck at GND due to stuck port clock_enable ;
; cmem:code|code[5][7]                     ; Stuck at GND due to stuck port clock_enable ;
; cmem:code|code[5][6]                     ; Stuck at GND due to stuck port clock_enable ;
; cmem:code|code[5][5]                     ; Stuck at GND due to stuck port clock_enable ;
; cmem:code|code[5][4]                     ; Stuck at GND due to stuck port clock_enable ;
; cmem:code|code[5][3]                     ; Stuck at VCC due to stuck port clock_enable ;
; cmem:code|code[5][2]                     ; Stuck at GND due to stuck port clock_enable ;
; cmem:code|code[5][1]                     ; Stuck at GND due to stuck port clock_enable ;
; cmem:code|code[5][0]                     ; Stuck at GND due to stuck port clock_enable ;
; cmem:code|code[4][15]                    ; Stuck at VCC due to stuck port clock_enable ;
; cmem:code|code[4][14]                    ; Stuck at VCC due to stuck port clock_enable ;
; cmem:code|code[4][13]                    ; Stuck at VCC due to stuck port clock_enable ;
; cmem:code|code[4][12]                    ; Stuck at VCC due to stuck port clock_enable ;
; cmem:code|code[4][11]                    ; Stuck at GND due to stuck port clock_enable ;
; cmem:code|code[4][10]                    ; Stuck at GND due to stuck port clock_enable ;
; cmem:code|code[4][9]                     ; Stuck at VCC due to stuck port clock_enable ;
; cmem:code|code[4][8]                     ; Stuck at VCC due to stuck port clock_enable ;
; cmem:code|code[4][7]                     ; Stuck at GND due to stuck port clock_enable ;
; cmem:code|code[4][6]                     ; Stuck at GND due to stuck port clock_enable ;
; cmem:code|code[4][5]                     ; Stuck at GND due to stuck port clock_enable ;
; cmem:code|code[4][4]                     ; Stuck at GND due to stuck port clock_enable ;
; cmem:code|code[4][3]                     ; Stuck at VCC due to stuck port clock_enable ;
; cmem:code|code[4][2]                     ; Stuck at VCC due to stuck port clock_enable ;
; cmem:code|code[4][1]                     ; Stuck at VCC due to stuck port clock_enable ;
; cmem:code|code[4][0]                     ; Stuck at GND due to stuck port clock_enable ;
; cmem:code|code[3][15]                    ; Stuck at VCC due to stuck port clock_enable ;
; cmem:code|code[3][14]                    ; Stuck at VCC due to stuck port clock_enable ;
; cmem:code|code[3][13]                    ; Stuck at GND due to stuck port clock_enable ;
; cmem:code|code[3][12]                    ; Stuck at VCC due to stuck port clock_enable ;
; cmem:code|code[3][11]                    ; Stuck at GND due to stuck port clock_enable ;
; cmem:code|code[3][10]                    ; Stuck at GND due to stuck port clock_enable ;
; cmem:code|code[3][9]                     ; Stuck at VCC due to stuck port clock_enable ;
; cmem:code|code[3][8]                     ; Stuck at VCC due to stuck port clock_enable ;
; cmem:code|code[3][7]                     ; Stuck at GND due to stuck port clock_enable ;
; cmem:code|code[3][6]                     ; Stuck at GND due to stuck port clock_enable ;
; cmem:code|code[3][5]                     ; Stuck at GND due to stuck port clock_enable ;
; cmem:code|code[3][4]                     ; Stuck at GND due to stuck port clock_enable ;
; cmem:code|code[3][3]                     ; Stuck at GND due to stuck port clock_enable ;
; cmem:code|code[3][2]                     ; Stuck at GND due to stuck port clock_enable ;
; cmem:code|code[3][1]                     ; Stuck at GND due to stuck port clock_enable ;
; cmem:code|code[3][0]                     ; Stuck at GND due to stuck port clock_enable ;
; cmem:code|code[2][15]                    ; Stuck at GND due to stuck port clock_enable ;
; cmem:code|code[2][14]                    ; Stuck at GND due to stuck port clock_enable ;
; cmem:code|code[2][13]                    ; Stuck at VCC due to stuck port clock_enable ;
; cmem:code|code[2][12]                    ; Stuck at VCC due to stuck port clock_enable ;
; cmem:code|code[2][11]                    ; Stuck at GND due to stuck port clock_enable ;
; cmem:code|code[2][10]                    ; Stuck at VCC due to stuck port clock_enable ;
; cmem:code|code[2][9]                     ; Stuck at GND due to stuck port clock_enable ;
; cmem:code|code[2][8]                     ; Stuck at GND due to stuck port clock_enable ;
; cmem:code|code[2][7]                     ; Stuck at GND due to stuck port clock_enable ;
; cmem:code|code[2][6]                     ; Stuck at GND due to stuck port clock_enable ;
; cmem:code|code[2][5]                     ; Stuck at GND due to stuck port clock_enable ;
; cmem:code|code[2][4]                     ; Stuck at GND due to stuck port clock_enable ;
; cmem:code|code[2][3]                     ; Stuck at GND due to stuck port clock_enable ;
; cmem:code|code[2][2]                     ; Stuck at GND due to stuck port clock_enable ;
; cmem:code|code[2][1]                     ; Stuck at GND due to stuck port clock_enable ;
; cmem:code|code[2][0]                     ; Stuck at GND due to stuck port clock_enable ;
; cmem:code|code[1][15]                    ; Stuck at VCC due to stuck port clock_enable ;
; cmem:code|code[1][14]                    ; Stuck at GND due to stuck port clock_enable ;
; cmem:code|code[1][13]                    ; Stuck at GND due to stuck port clock_enable ;
; cmem:code|code[1][12]                    ; Stuck at GND due to stuck port clock_enable ;
; cmem:code|code[1][11]                    ; Stuck at VCC due to stuck port clock_enable ;
; cmem:code|code[1][10]                    ; Stuck at VCC due to stuck port clock_enable ;
; cmem:code|code[1][9]                     ; Stuck at GND due to stuck port clock_enable ;
; cmem:code|code[1][8]                     ; Stuck at GND due to stuck port clock_enable ;
; cmem:code|code[1][7]                     ; Stuck at GND due to stuck port clock_enable ;
; cmem:code|code[1][6]                     ; Stuck at GND due to stuck port clock_enable ;
; cmem:code|code[1][5]                     ; Stuck at GND due to stuck port clock_enable ;
; cmem:code|code[1][4]                     ; Stuck at GND due to stuck port clock_enable ;
; cmem:code|code[1][3]                     ; Stuck at VCC due to stuck port clock_enable ;
; cmem:code|code[1][2]                     ; Stuck at GND due to stuck port clock_enable ;
; cmem:code|code[1][1]                     ; Stuck at GND due to stuck port clock_enable ;
; cmem:code|code[1][0]                     ; Stuck at GND due to stuck port clock_enable ;
; cmem:code|code[0][15]                    ; Stuck at GND due to stuck port clock_enable ;
; cmem:code|code[0][14]                    ; Stuck at GND due to stuck port clock_enable ;
; cmem:code|code[0][13]                    ; Stuck at VCC due to stuck port clock_enable ;
; cmem:code|code[0][12]                    ; Stuck at VCC due to stuck port clock_enable ;
; cmem:code|code[0][11]                    ; Stuck at GND due to stuck port clock_enable ;
; cmem:code|code[0][10]                    ; Stuck at GND due to stuck port clock_enable ;
; cmem:code|code[0][9]                     ; Stuck at GND due to stuck port clock_enable ;
; cmem:code|code[0][8]                     ; Stuck at GND due to stuck port clock_enable ;
; cmem:code|code[0][7]                     ; Stuck at GND due to stuck port clock_enable ;
; cmem:code|code[0][6]                     ; Stuck at GND due to stuck port clock_enable ;
; cmem:code|code[0][5]                     ; Stuck at GND due to stuck port clock_enable ;
; cmem:code|code[0][4]                     ; Stuck at GND due to stuck port clock_enable ;
; cmem:code|code[0][3]                     ; Stuck at GND due to stuck port clock_enable ;
; cmem:code|code[0][2]                     ; Stuck at GND due to stuck port clock_enable ;
; cmem:code|code[0][1]                     ; Stuck at GND due to stuck port clock_enable ;
; cmem:code|code[0][0]                     ; Stuck at GND due to stuck port clock_enable ;
; register:reg_1|out[6,7]                  ; Merged with register:reg_1|out[5]           ;
; register:reg_3|out[6,7]                  ; Merged with register:reg_3|out[5]           ;
; register:reg_8|out[6,7]                  ; Merged with register:reg_8|out[5]           ;
; register:reg_13|out[6,7]                 ; Merged with register:reg_13|out[5]          ;
; Total Number of Removed Registers = 1032 ;                                             ;
+------------------------------------------+---------------------------------------------+


+------------------------------------------------------+
; General Register Statistics                          ;
+----------------------------------------------+-------+
; Statistic                                    ; Value ;
+----------------------------------------------+-------+
; Total registers                              ; 415   ;
; Number of registers using Synchronous Clear  ; 0     ;
; Number of registers using Synchronous Load   ; 0     ;
; Number of registers using Asynchronous Clear ; 415   ;
; Number of registers using Asynchronous Load  ; 0     ;
; Number of registers using Clock Enable       ; 190   ;
; Number of registers using Preset             ; 0     ;
+----------------------------------------------+-------+


+---------------------------------------------------+
; Inverted Register Statistics                      ;
+-----------------------------------------+---------+
; Inverted Register                       ; Fan out ;
+-----------------------------------------+---------+
; dmem:dat|data[8][0]                     ; 2       ;
; dmem:dat|data[8][1]                     ; 2       ;
; dmem:dat|data[8][2]                     ; 2       ;
; dmem:dat|data[7][3]                     ; 2       ;
; dmem:dat|data[6][0]                     ; 2       ;
; dmem:dat|data[6][2]                     ; 2       ;
; dmem:dat|data[5][2]                     ; 2       ;
; dmem:dat|data[4][1]                     ; 2       ;
; dmem:dat|data[4][2]                     ; 2       ;
; dmem:dat|data[3][0]                     ; 2       ;
; dmem:dat|data[2][1]                     ; 2       ;
; dmem:dat|data[1][0]                     ; 2       ;
; dmem:dat|data[1][1]                     ; 2       ;
; dmem:dat|data[0][0]                     ; 2       ;
; dmem:dat|data[0][1]                     ; 2       ;
; dmem:dat|data[0][2]                     ; 2       ;
; Total number of inverted registers = 16 ;         ;
+-----------------------------------------+---------+


+-------------------------------------------------------------------------------------------------------------------------------------------------+
; Multiplexer Restructuring Statistics (Restructuring Performed)                                                                                  ;
+--------------------+-----------+---------------+----------------------+------------------------+------------+-----------------------------------+
; Multiplexer Inputs ; Bus Width ; Baseline Area ; Area if Restructured ; Saving if Restructured ; Registered ; Example Multiplexer Output        ;
+--------------------+-----------+---------------+----------------------+------------------------+------------+-----------------------------------+
; 4:1                ; 8 bits    ; 16 LEs        ; 16 LEs               ; 0 LEs                  ; No         ; |pipelined_cpu|regfile:regf|Mux15 ;
; 4:1                ; 8 bits    ; 16 LEs        ; 16 LEs               ; 0 LEs                  ; No         ; |pipelined_cpu|regfile:regf|Mux2  ;
; 3:1                ; 2 bits    ; 4 LEs         ; 4 LEs                ; 0 LEs                  ; No         ; |pipelined_cpu|hazard:hz|h[1]     ;
; 4:1                ; 8 bits    ; 16 LEs        ; 16 LEs               ; 0 LEs                  ; No         ; |pipelined_cpu|mux4:m4_1|y[0]     ;
; 3:1                ; 2 bits    ; 4 LEs         ; 4 LEs                ; 0 LEs                  ; No         ; |pipelined_cpu|hazard:hz|h[3]     ;
; 4:1                ; 8 bits    ; 16 LEs        ; 16 LEs               ; 0 LEs                  ; No         ; |pipelined_cpu|mux4:m4_2|y[7]     ;
; 3:1                ; 2 bits    ; 4 LEs         ; 4 LEs                ; 0 LEs                  ; No         ; |pipelined_cpu|hazard:hz|h[6]     ;
; 4:1                ; 8 bits    ; 16 LEs        ; 16 LEs               ; 0 LEs                  ; No         ; |pipelined_cpu|mux4:m4_3|y[1]     ;
; 4:1                ; 7 bits    ; 14 LEs        ; 14 LEs               ; 0 LEs                  ; No         ; |pipelined_cpu|alu:al|Mux2        ;
; 16:1               ; 8 bits    ; 80 LEs        ; 80 LEs               ; 0 LEs                  ; No         ; |pipelined_cpu|dmem:dat|Mux7      ;
+--------------------+-----------+---------------+----------------------+------------------------+------------+-----------------------------------+


+--------------------------------------------------------+
; Parameter Settings for User Entity Instance: hazard:hz ;
+----------------+-------+-------------------------------+
; Parameter Name ; Value ; Type                          ;
+----------------+-------+-------------------------------+
; NOOP           ; 1     ; Signed Integer                ;
; INPUTC         ; 2     ; Signed Integer                ;
; INPUTCF        ; 3     ; Signed Integer                ;
; INPUTD         ; 4     ; Signed Integer                ;
; INPUTDF        ; 5     ; Signed Integer                ;
; MOVE           ; 6     ; Signed Integer                ;
; LOADI          ; 7     ; Signed Integer                ;
; ADD            ; 8     ; Signed Integer                ;
; ADDI           ; 9     ; Signed Integer                ;
; SUB            ; 10    ; Signed Integer                ;
; SUBI           ; 11    ; Signed Integer                ;
; LOAD           ; 12    ; Signed Integer                ;
; LOADF          ; 13    ; Signed Integer                ;
; STORE          ; 14    ; Signed Integer                ;
; STOREF         ; 15    ; Signed Integer                ;
; SHIFTL         ; 16    ; Signed Integer                ;
; SHIFTR         ; 17    ; Signed Integer                ;
; CMP            ; 18    ; Signed Integer                ;
; JUMP           ; 19    ; Signed Integer                ;
; BRE            ; 20    ; Signed Integer                ;
; BRNE           ; 21    ; Signed Integer                ;
; BRG            ; 22    ; Signed Integer                ;
; BRGE           ; 23    ; Signed Integer                ;
+----------------+-------+-------------------------------+
Note: In order to hide this table in the UI and the text report file, please set the "Show Parameter Settings in Synthesis Report" option in "Analysis and Synthesis Settings -> More Settings" to "Off".


+--------------------------------------------------------+
; Parameter Settings for User Entity Instance: mux2:m2_1 ;
+----------------+-------+-------------------------------+
; Parameter Name ; Value ; Type                          ;
+----------------+-------+-------------------------------+
; WIDTH          ; 16    ; Signed Integer                ;
+----------------+-------+-------------------------------+
Note: In order to hide this table in the UI and the text report file, please set the "Show Parameter Settings in Synthesis Report" option in "Analysis and Synthesis Settings -> More Settings" to "Off".


+--------------------------------------------------------+
; Parameter Settings for User Entity Instance: mux2:m2_2 ;
+----------------+-------+-------------------------------+
; Parameter Name ; Value ; Type                          ;
+----------------+-------+-------------------------------+
; WIDTH          ; 16    ; Signed Integer                ;
+----------------+-------+-------------------------------+
Note: In order to hide this table in the UI and the text report file, please set the "Show Parameter Settings in Synthesis Report" option in "Analysis and Synthesis Settings -> More Settings" to "Off".


+--------------------------------------------------------+
; Parameter Settings for User Entity Instance: mux2:m2_3 ;
+----------------+-------+-------------------------------+
; Parameter Name ; Value ; Type                          ;
+----------------+-------+-------------------------------+
; WIDTH          ; 23    ; Signed Integer                ;
+----------------+-------+-------------------------------+
Note: In order to hide this table in the UI and the text report file, please set the "Show Parameter Settings in Synthesis Report" option in "Analysis and Synthesis Settings -> More Settings" to "Off".


+--------------------------------------------------------+
; Parameter Settings for User Entity Instance: mux2:m2_4 ;
+----------------+-------+-------------------------------+
; Parameter Name ; Value ; Type                          ;
+----------------+-------+-------------------------------+
; WIDTH          ; 9     ; Signed Integer                ;
+----------------+-------+-------------------------------+
Note: In order to hide this table in the UI and the text report file, please set the "Show Parameter Settings in Synthesis Report" option in "Analysis and Synthesis Settings -> More Settings" to "Off".


+--------------------------------------------------------+
; Parameter Settings for User Entity Instance: mux2:m2_5 ;
+----------------+-------+-------------------------------+
; Parameter Name ; Value ; Type                          ;
+----------------+-------+-------------------------------+
; WIDTH          ; 8     ; Signed Integer                ;
+----------------+-------+-------------------------------+
Note: In order to hide this table in the UI and the text report file, please set the "Show Parameter Settings in Synthesis Report" option in "Analysis and Synthesis Settings -> More Settings" to "Off".


+--------------------------------------------------------+
; Parameter Settings for User Entity Instance: mux2:m2_6 ;
+----------------+-------+-------------------------------+
; Parameter Name ; Value ; Type                          ;
+----------------+-------+-------------------------------+
; WIDTH          ; 8     ; Signed Integer                ;
+----------------+-------+-------------------------------+
Note: In order to hide this table in the UI and the text report file, please set the "Show Parameter Settings in Synthesis Report" option in "Analysis and Synthesis Settings -> More Settings" to "Off".


+--------------------------------------------------------+
; Parameter Settings for User Entity Instance: mux2:m2_7 ;
+----------------+-------+-------------------------------+
; Parameter Name ; Value ; Type                          ;
+----------------+-------+-------------------------------+
; WIDTH          ; 8     ; Signed Integer                ;
+----------------+-------+-------------------------------+
Note: In order to hide this table in the UI and the text report file, please set the "Show Parameter Settings in Synthesis Report" option in "Analysis and Synthesis Settings -> More Settings" to "Off".


+--------------------------------------------------------+
; Parameter Settings for User Entity Instance: mux2:m2_8 ;
+----------------+-------+-------------------------------+
; Parameter Name ; Value ; Type                          ;
+----------------+-------+-------------------------------+
; WIDTH          ; 8     ; Signed Integer                ;
+----------------+-------+-------------------------------+
Note: In order to hide this table in the UI and the text report file, please set the "Show Parameter Settings in Synthesis Report" option in "Analysis and Synthesis Settings -> More Settings" to "Off".


+--------------------------------------------------------+
; Parameter Settings for User Entity Instance: mux2:m2_9 ;
+----------------+-------+-------------------------------+
; Parameter Name ; Value ; Type                          ;
+----------------+-------+-------------------------------+
; WIDTH          ; 8     ; Signed Integer                ;
+----------------+-------+-------------------------------+
Note: In order to hide this table in the UI and the text report file, please set the "Show Parameter Settings in Synthesis Report" option in "Analysis and Synthesis Settings -> More Settings" to "Off".


+---------------------------------------------------------+
; Parameter Settings for User Entity Instance: mux2:m2_10 ;
+----------------+-------+--------------------------------+
; Parameter Name ; Value ; Type                           ;
+----------------+-------+--------------------------------+
; WIDTH          ; 8     ; Signed Integer                 ;
+----------------+-------+--------------------------------+
Note: In order to hide this table in the UI and the text report file, please set the "Show Parameter Settings in Synthesis Report" option in "Analysis and Synthesis Settings -> More Settings" to "Off".


+---------------------------------------------------------+
; Parameter Settings for User Entity Instance: mux2:m2_11 ;
+----------------+-------+--------------------------------+
; Parameter Name ; Value ; Type                           ;
+----------------+-------+--------------------------------+
; WIDTH          ; 8     ; Signed Integer                 ;
+----------------+-------+--------------------------------+
Note: In order to hide this table in the UI and the text report file, please set the "Show Parameter Settings in Synthesis Report" option in "Analysis and Synthesis Settings -> More Settings" to "Off".


+--------------------------------------------------------+
; Parameter Settings for User Entity Instance: mux4:m4_1 ;
+----------------+-------+-------------------------------+
; Parameter Name ; Value ; Type                          ;
+----------------+-------+-------------------------------+
; WIDTH          ; 8     ; Signed Integer                ;
+----------------+-------+-------------------------------+
Note: In order to hide this table in the UI and the text report file, please set the "Show Parameter Settings in Synthesis Report" option in "Analysis and Synthesis Settings -> More Settings" to "Off".


+--------------------------------------------------------+
; Parameter Settings for User Entity Instance: mux4:m4_2 ;
+----------------+-------+-------------------------------+
; Parameter Name ; Value ; Type                          ;
+----------------+-------+-------------------------------+
; WIDTH          ; 8     ; Signed Integer                ;
+----------------+-------+-------------------------------+
Note: In order to hide this table in the UI and the text report file, please set the "Show Parameter Settings in Synthesis Report" option in "Analysis and Synthesis Settings -> More Settings" to "Off".


+--------------------------------------------------------+
; Parameter Settings for User Entity Instance: mux4:m4_3 ;
+----------------+-------+-------------------------------+
; Parameter Name ; Value ; Type                          ;
+----------------+-------+-------------------------------+
; WIDTH          ; 8     ; Signed Integer                ;
+----------------+-------+-------------------------------+
Note: In order to hide this table in the UI and the text report file, please set the "Show Parameter Settings in Synthesis Report" option in "Analysis and Synthesis Settings -> More Settings" to "Off".


+-------------------------------------------------------------+
; Parameter Settings for User Entity Instance: register:reg_1 ;
+----------------+-------+------------------------------------+
; Parameter Name ; Value ; Type                               ;
+----------------+-------+------------------------------------+
; width          ; 16    ; Signed Integer                     ;
+----------------+-------+------------------------------------+
Note: In order to hide this table in the UI and the text report file, please set the "Show Parameter Settings in Synthesis Report" option in "Analysis and Synthesis Settings -> More Settings" to "Off".


+-------------------------------------------------------------+
; Parameter Settings for User Entity Instance: register:reg_2 ;
+----------------+-------+------------------------------------+
; Parameter Name ; Value ; Type                               ;
+----------------+-------+------------------------------------+
; width          ; 6     ; Signed Integer                     ;
+----------------+-------+------------------------------------+
Note: In order to hide this table in the UI and the text report file, please set the "Show Parameter Settings in Synthesis Report" option in "Analysis and Synthesis Settings -> More Settings" to "Off".


+-------------------------------------------------------------+
; Parameter Settings for User Entity Instance: register:reg_3 ;
+----------------+-------+------------------------------------+
; Parameter Name ; Value ; Type                               ;
+----------------+-------+------------------------------------+
; width          ; 16    ; Signed Integer                     ;
+----------------+-------+------------------------------------+
Note: In order to hide this table in the UI and the text report file, please set the "Show Parameter Settings in Synthesis Report" option in "Analysis and Synthesis Settings -> More Settings" to "Off".


+-------------------------------------------------------------+
; Parameter Settings for User Entity Instance: register:reg_4 ;
+----------------+-------+------------------------------------+
; Parameter Name ; Value ; Type                               ;
+----------------+-------+------------------------------------+
; width          ; 23    ; Signed Integer                     ;
+----------------+-------+------------------------------------+
Note: In order to hide this table in the UI and the text report file, please set the "Show Parameter Settings in Synthesis Report" option in "Analysis and Synthesis Settings -> More Settings" to "Off".


+-------------------------------------------------------------+
; Parameter Settings for User Entity Instance: register:reg_5 ;
+----------------+-------+------------------------------------+
; Parameter Name ; Value ; Type                               ;
+----------------+-------+------------------------------------+
; width          ; 9     ; Signed Integer                     ;
+----------------+-------+------------------------------------+
Note: In order to hide this table in the UI and the text report file, please set the "Show Parameter Settings in Synthesis Report" option in "Analysis and Synthesis Settings -> More Settings" to "Off".


+-------------------------------------------------------------+
; Parameter Settings for User Entity Instance: register:reg_6 ;
+----------------+-------+------------------------------------+
; Parameter Name ; Value ; Type                               ;
+----------------+-------+------------------------------------+
; width          ; 8     ; Signed Integer                     ;
+----------------+-------+------------------------------------+
Note: In order to hide this table in the UI and the text report file, please set the "Show Parameter Settings in Synthesis Report" option in "Analysis and Synthesis Settings -> More Settings" to "Off".


+-------------------------------------------------------------+
; Parameter Settings for User Entity Instance: register:reg_7 ;
+----------------+-------+------------------------------------+
; Parameter Name ; Value ; Type                               ;
+----------------+-------+------------------------------------+
; width          ; 8     ; Signed Integer                     ;
+----------------+-------+------------------------------------+
Note: In order to hide this table in the UI and the text report file, please set the "Show Parameter Settings in Synthesis Report" option in "Analysis and Synthesis Settings -> More Settings" to "Off".


+-------------------------------------------------------------+
; Parameter Settings for User Entity Instance: register:reg_8 ;
+----------------+-------+------------------------------------+
; Parameter Name ; Value ; Type                               ;
+----------------+-------+------------------------------------+
; width          ; 16    ; Signed Integer                     ;
+----------------+-------+------------------------------------+
Note: In order to hide this table in the UI and the text report file, please set the "Show Parameter Settings in Synthesis Report" option in "Analysis and Synthesis Settings -> More Settings" to "Off".


+-------------------------------------------------------------+
; Parameter Settings for User Entity Instance: register:reg_9 ;
+----------------+-------+------------------------------------+
; Parameter Name ; Value ; Type                               ;
+----------------+-------+------------------------------------+
; width          ; 23    ; Signed Integer                     ;
+----------------+-------+------------------------------------+
Note: In order to hide this table in the UI and the text report file, please set the "Show Parameter Settings in Synthesis Report" option in "Analysis and Synthesis Settings -> More Settings" to "Off".


+--------------------------------------------------------------+
; Parameter Settings for User Entity Instance: register:reg_10 ;
+----------------+-------+-------------------------------------+
; Parameter Name ; Value ; Type                                ;
+----------------+-------+-------------------------------------+
; width          ; 9     ; Signed Integer                      ;
+----------------+-------+-------------------------------------+
Note: In order to hide this table in the UI and the text report file, please set the "Show Parameter Settings in Synthesis Report" option in "Analysis and Synthesis Settings -> More Settings" to "Off".


+--------------------------------------------------------------+
; Parameter Settings for User Entity Instance: register:reg_11 ;
+----------------+-------+-------------------------------------+
; Parameter Name ; Value ; Type                                ;
+----------------+-------+-------------------------------------+
; width          ; 8     ; Signed Integer                      ;
+----------------+-------+-------------------------------------+
Note: In order to hide this table in the UI and the text report file, please set the "Show Parameter Settings in Synthesis Report" option in "Analysis and Synthesis Settings -> More Settings" to "Off".


+--------------------------------------------------------------+
; Parameter Settings for User Entity Instance: register:reg_12 ;
+----------------+-------+-------------------------------------+
; Parameter Name ; Value ; Type                                ;
+----------------+-------+-------------------------------------+
; width          ; 8     ; Signed Integer                      ;
+----------------+-------+-------------------------------------+
Note: In order to hide this table in the UI and the text report file, please set the "Show Parameter Settings in Synthesis Report" option in "Analysis and Synthesis Settings -> More Settings" to "Off".


+--------------------------------------------------------------+
; Parameter Settings for User Entity Instance: register:reg_13 ;
+----------------+-------+-------------------------------------+
; Parameter Name ; Value ; Type                                ;
+----------------+-------+-------------------------------------+
; width          ; 16    ; Signed Integer                      ;
+----------------+-------+-------------------------------------+
Note: In order to hide this table in the UI and the text report file, please set the "Show Parameter Settings in Synthesis Report" option in "Analysis and Synthesis Settings -> More Settings" to "Off".


+--------------------------------------------------------------+
; Parameter Settings for User Entity Instance: register:reg_14 ;
+----------------+-------+-------------------------------------+
; Parameter Name ; Value ; Type                                ;
+----------------+-------+-------------------------------------+
; width          ; 23    ; Signed Integer                      ;
+----------------+-------+-------------------------------------+
Note: In order to hide this table in the UI and the text report file, please set the "Show Parameter Settings in Synthesis Report" option in "Analysis and Synthesis Settings -> More Settings" to "Off".


+--------------------------------------------------------------+
; Parameter Settings for User Entity Instance: register:reg_15 ;
+----------------+-------+-------------------------------------+
; Parameter Name ; Value ; Type                                ;
+----------------+-------+-------------------------------------+
; width          ; 9     ; Signed Integer                      ;
+----------------+-------+-------------------------------------+
Note: In order to hide this table in the UI and the text report file, please set the "Show Parameter Settings in Synthesis Report" option in "Analysis and Synthesis Settings -> More Settings" to "Off".


+--------------------------------------------------------------+
; Parameter Settings for User Entity Instance: register:reg_16 ;
+----------------+-------+-------------------------------------+
; Parameter Name ; Value ; Type                                ;
+----------------+-------+-------------------------------------+
; width          ; 8     ; Signed Integer                      ;
+----------------+-------+-------------------------------------+
Note: In order to hide this table in the UI and the text report file, please set the "Show Parameter Settings in Synthesis Report" option in "Analysis and Synthesis Settings -> More Settings" to "Off".


+--------------------------------------------------------------+
; Parameter Settings for User Entity Instance: register:reg_17 ;
+----------------+-------+-------------------------------------+
; Parameter Name ; Value ; Type                                ;
+----------------+-------+-------------------------------------+
; width          ; 16    ; Signed Integer                      ;
+----------------+-------+-------------------------------------+
Note: In order to hide this table in the UI and the text report file, please set the "Show Parameter Settings in Synthesis Report" option in "Analysis and Synthesis Settings -> More Settings" to "Off".


+--------------------------------------------------------------+
; Parameter Settings for User Entity Instance: register:reg_18 ;
+----------------+-------+-------------------------------------+
; Parameter Name ; Value ; Type                                ;
+----------------+-------+-------------------------------------+
; width          ; 23    ; Signed Integer                      ;
+----------------+-------+-------------------------------------+
Note: In order to hide this table in the UI and the text report file, please set the "Show Parameter Settings in Synthesis Report" option in "Analysis and Synthesis Settings -> More Settings" to "Off".


+--------------------------------------------------------------+
; Parameter Settings for User Entity Instance: register:reg_19 ;
+----------------+-------+-------------------------------------+
; Parameter Name ; Value ; Type                                ;
+----------------+-------+-------------------------------------+
; width          ; 8     ; Signed Integer                      ;
+----------------+-------+-------------------------------------+
Note: In order to hide this table in the UI and the text report file, please set the "Show Parameter Settings in Synthesis Report" option in "Analysis and Synthesis Settings -> More Settings" to "Off".


+--------------------------------------------------------------------------------------------------------------------------------------------------------------------------------------------------------------------+
; Port Connectivity Checks: "register:reg_19"                                                                                                                                                                        ;
+------------+-------+----------+------------------------------------------------------------------------------------------------------------------------------------------------------------------------------------+
; Port       ; Type  ; Severity ; Details                                                                                                                                                                            ;
+------------+-------+----------+------------------------------------------------------------------------------------------------------------------------------------------------------------------------------------+
; enable     ; Input ; Warning  ; Input port expression (32 bits) is wider than the input port (1 bits) it drives.  The 31 most-significant bit(s) in the expression will be dangling if they have no other fanouts. ;
; enable[-1] ; Input ; Info     ; Stuck at VCC                                                                                                                                                                       ;
+------------+-------+----------+------------------------------------------------------------------------------------------------------------------------------------------------------------------------------------+


+--------------------------------------------------------------------------------------------------------------------------------------------------------------------------------------------------------------------+
; Port Connectivity Checks: "register:reg_18"                                                                                                                                                                        ;
+------------+-------+----------+------------------------------------------------------------------------------------------------------------------------------------------------------------------------------------+
; Port       ; Type  ; Severity ; Details                                                                                                                                                                            ;
+------------+-------+----------+------------------------------------------------------------------------------------------------------------------------------------------------------------------------------------+
; enable     ; Input ; Warning  ; Input port expression (32 bits) is wider than the input port (1 bits) it drives.  The 31 most-significant bit(s) in the expression will be dangling if they have no other fanouts. ;
; enable[-1] ; Input ; Info     ; Stuck at VCC                                                                                                                                                                       ;
+------------+-------+----------+------------------------------------------------------------------------------------------------------------------------------------------------------------------------------------+


+--------------------------------------------------------------------------------------------------------------------------------------------------------------------------------------------------------------------+
; Port Connectivity Checks: "register:reg_17"                                                                                                                                                                        ;
+------------+-------+----------+------------------------------------------------------------------------------------------------------------------------------------------------------------------------------------+
; Port       ; Type  ; Severity ; Details                                                                                                                                                                            ;
+------------+-------+----------+------------------------------------------------------------------------------------------------------------------------------------------------------------------------------------+
; enable     ; Input ; Warning  ; Input port expression (32 bits) is wider than the input port (1 bits) it drives.  The 31 most-significant bit(s) in the expression will be dangling if they have no other fanouts. ;
; enable[-1] ; Input ; Info     ; Stuck at VCC                                                                                                                                                                       ;
+------------+-------+----------+------------------------------------------------------------------------------------------------------------------------------------------------------------------------------------+


+--------------------------------------------------------------------------------------------------------------------------------------------------------------------------------------------------------------------+
; Port Connectivity Checks: "register:reg_16"                                                                                                                                                                        ;
+------------+-------+----------+------------------------------------------------------------------------------------------------------------------------------------------------------------------------------------+
; Port       ; Type  ; Severity ; Details                                                                                                                                                                            ;
+------------+-------+----------+------------------------------------------------------------------------------------------------------------------------------------------------------------------------------------+
; enable     ; Input ; Warning  ; Input port expression (32 bits) is wider than the input port (1 bits) it drives.  The 31 most-significant bit(s) in the expression will be dangling if they have no other fanouts. ;
; enable[-1] ; Input ; Info     ; Stuck at VCC                                                                                                                                                                       ;
+------------+-------+----------+------------------------------------------------------------------------------------------------------------------------------------------------------------------------------------+


+--------------------------------------------------------------------------------------------------------------------------------------------------------------------------------------------------------------------+
; Port Connectivity Checks: "register:reg_15"                                                                                                                                                                        ;
+------------+-------+----------+------------------------------------------------------------------------------------------------------------------------------------------------------------------------------------+
; Port       ; Type  ; Severity ; Details                                                                                                                                                                            ;
+------------+-------+----------+------------------------------------------------------------------------------------------------------------------------------------------------------------------------------------+
; enable     ; Input ; Warning  ; Input port expression (32 bits) is wider than the input port (1 bits) it drives.  The 31 most-significant bit(s) in the expression will be dangling if they have no other fanouts. ;
; enable[-1] ; Input ; Info     ; Stuck at VCC                                                                                                                                                                       ;
+------------+-------+----------+------------------------------------------------------------------------------------------------------------------------------------------------------------------------------------+


+--------------------------------------------------------------------------------------------------------------------------------------------------------------------------------------------------------------------+
; Port Connectivity Checks: "register:reg_14"                                                                                                                                                                        ;
+------------+-------+----------+------------------------------------------------------------------------------------------------------------------------------------------------------------------------------------+
; Port       ; Type  ; Severity ; Details                                                                                                                                                                            ;
+------------+-------+----------+------------------------------------------------------------------------------------------------------------------------------------------------------------------------------------+
; enable     ; Input ; Warning  ; Input port expression (32 bits) is wider than the input port (1 bits) it drives.  The 31 most-significant bit(s) in the expression will be dangling if they have no other fanouts. ;
; enable[-1] ; Input ; Info     ; Stuck at VCC                                                                                                                                                                       ;
+------------+-------+----------+------------------------------------------------------------------------------------------------------------------------------------------------------------------------------------+


+--------------------------------------------------------------------------------------------------------------------------------------------------------------------------------------------------------------------+
; Port Connectivity Checks: "register:reg_13"                                                                                                                                                                        ;
+------------+-------+----------+------------------------------------------------------------------------------------------------------------------------------------------------------------------------------------+
; Port       ; Type  ; Severity ; Details                                                                                                                                                                            ;
+------------+-------+----------+------------------------------------------------------------------------------------------------------------------------------------------------------------------------------------+
; enable     ; Input ; Warning  ; Input port expression (32 bits) is wider than the input port (1 bits) it drives.  The 31 most-significant bit(s) in the expression will be dangling if they have no other fanouts. ;
; enable[-1] ; Input ; Info     ; Stuck at VCC                                                                                                                                                                       ;
+------------+-------+----------+------------------------------------------------------------------------------------------------------------------------------------------------------------------------------------+


+--------------------------------------------------------------------------------------------------------------------------------------------------------------------------------------------------------------------+
; Port Connectivity Checks: "register:reg_12"                                                                                                                                                                        ;
+------------+-------+----------+------------------------------------------------------------------------------------------------------------------------------------------------------------------------------------+
; Port       ; Type  ; Severity ; Details                                                                                                                                                                            ;
+------------+-------+----------+------------------------------------------------------------------------------------------------------------------------------------------------------------------------------------+
; enable     ; Input ; Warning  ; Input port expression (32 bits) is wider than the input port (1 bits) it drives.  The 31 most-significant bit(s) in the expression will be dangling if they have no other fanouts. ;
; enable[-1] ; Input ; Info     ; Stuck at VCC                                                                                                                                                                       ;
+------------+-------+----------+------------------------------------------------------------------------------------------------------------------------------------------------------------------------------------+


+--------------------------------------------------------------------------------------------------------------------------------------------------------------------------------------------------------------------+
; Port Connectivity Checks: "register:reg_11"                                                                                                                                                                        ;
+------------+-------+----------+------------------------------------------------------------------------------------------------------------------------------------------------------------------------------------+
; Port       ; Type  ; Severity ; Details                                                                                                                                                                            ;
+------------+-------+----------+------------------------------------------------------------------------------------------------------------------------------------------------------------------------------------+
; enable     ; Input ; Warning  ; Input port expression (32 bits) is wider than the input port (1 bits) it drives.  The 31 most-significant bit(s) in the expression will be dangling if they have no other fanouts. ;
; enable[-1] ; Input ; Info     ; Stuck at VCC                                                                                                                                                                       ;
+------------+-------+----------+------------------------------------------------------------------------------------------------------------------------------------------------------------------------------------+


+--------------------------------------------------------------------------------------------------------------------------------------------------------------------------------------------------------------------+
; Port Connectivity Checks: "register:reg_10"                                                                                                                                                                        ;
+------------+-------+----------+------------------------------------------------------------------------------------------------------------------------------------------------------------------------------------+
; Port       ; Type  ; Severity ; Details                                                                                                                                                                            ;
+------------+-------+----------+------------------------------------------------------------------------------------------------------------------------------------------------------------------------------------+
; enable     ; Input ; Warning  ; Input port expression (32 bits) is wider than the input port (1 bits) it drives.  The 31 most-significant bit(s) in the expression will be dangling if they have no other fanouts. ;
; enable[-1] ; Input ; Info     ; Stuck at VCC                                                                                                                                                                       ;
+------------+-------+----------+------------------------------------------------------------------------------------------------------------------------------------------------------------------------------------+


+--------------------------------------------------------------------------------------------------------------------------------------------------------------------------------------------------------------------+
; Port Connectivity Checks: "register:reg_9"                                                                                                                                                                         ;
+------------+-------+----------+------------------------------------------------------------------------------------------------------------------------------------------------------------------------------------+
; Port       ; Type  ; Severity ; Details                                                                                                                                                                            ;
+------------+-------+----------+------------------------------------------------------------------------------------------------------------------------------------------------------------------------------------+
; enable     ; Input ; Warning  ; Input port expression (32 bits) is wider than the input port (1 bits) it drives.  The 31 most-significant bit(s) in the expression will be dangling if they have no other fanouts. ;
; enable[-1] ; Input ; Info     ; Stuck at VCC                                                                                                                                                                       ;
+------------+-------+----------+------------------------------------------------------------------------------------------------------------------------------------------------------------------------------------+


+--------------------------------------------------------------------------------------------------------------------------------------------------------------------------------------------------------------------+
; Port Connectivity Checks: "register:reg_8"                                                                                                                                                                         ;
+------------+-------+----------+------------------------------------------------------------------------------------------------------------------------------------------------------------------------------------+
; Port       ; Type  ; Severity ; Details                                                                                                                                                                            ;
+------------+-------+----------+------------------------------------------------------------------------------------------------------------------------------------------------------------------------------------+
; enable     ; Input ; Warning  ; Input port expression (32 bits) is wider than the input port (1 bits) it drives.  The 31 most-significant bit(s) in the expression will be dangling if they have no other fanouts. ;
; enable[-1] ; Input ; Info     ; Stuck at VCC                                                                                                                                                                       ;
+------------+-------+----------+------------------------------------------------------------------------------------------------------------------------------------------------------------------------------------+


+--------------------------------------------------------------------------------------------------------------------------------------------------------------------------------------------------------------------+
; Port Connectivity Checks: "register:reg_7"                                                                                                                                                                         ;
+------------+-------+----------+------------------------------------------------------------------------------------------------------------------------------------------------------------------------------------+
; Port       ; Type  ; Severity ; Details                                                                                                                                                                            ;
+------------+-------+----------+------------------------------------------------------------------------------------------------------------------------------------------------------------------------------------+
; enable     ; Input ; Warning  ; Input port expression (32 bits) is wider than the input port (1 bits) it drives.  The 31 most-significant bit(s) in the expression will be dangling if they have no other fanouts. ;
; enable[-1] ; Input ; Info     ; Stuck at VCC                                                                                                                                                                       ;
+------------+-------+----------+------------------------------------------------------------------------------------------------------------------------------------------------------------------------------------+


+--------------------------------------------------------------------------------------------------------------------------------------------------------------------------------------------------------------------+
; Port Connectivity Checks: "register:reg_6"                                                                                                                                                                         ;
+------------+-------+----------+------------------------------------------------------------------------------------------------------------------------------------------------------------------------------------+
; Port       ; Type  ; Severity ; Details                                                                                                                                                                            ;
+------------+-------+----------+------------------------------------------------------------------------------------------------------------------------------------------------------------------------------------+
; enable     ; Input ; Warning  ; Input port expression (32 bits) is wider than the input port (1 bits) it drives.  The 31 most-significant bit(s) in the expression will be dangling if they have no other fanouts. ;
; enable[-1] ; Input ; Info     ; Stuck at VCC                                                                                                                                                                       ;
+------------+-------+----------+------------------------------------------------------------------------------------------------------------------------------------------------------------------------------------+


+--------------------------------------------------------------------------------------------------------------------------------------------------------------------------------------------------------------------+
; Port Connectivity Checks: "register:reg_5"                                                                                                                                                                         ;
+------------+-------+----------+------------------------------------------------------------------------------------------------------------------------------------------------------------------------------------+
; Port       ; Type  ; Severity ; Details                                                                                                                                                                            ;
+------------+-------+----------+------------------------------------------------------------------------------------------------------------------------------------------------------------------------------------+
; enable     ; Input ; Warning  ; Input port expression (32 bits) is wider than the input port (1 bits) it drives.  The 31 most-significant bit(s) in the expression will be dangling if they have no other fanouts. ;
; enable[-1] ; Input ; Info     ; Stuck at VCC                                                                                                                                                                       ;
+------------+-------+----------+------------------------------------------------------------------------------------------------------------------------------------------------------------------------------------+


+--------------------------------------------------------------------------------------------------------------------------------------------------------------------------------------------------------------------+
; Port Connectivity Checks: "register:reg_4"                                                                                                                                                                         ;
+------------+-------+----------+------------------------------------------------------------------------------------------------------------------------------------------------------------------------------------+
; Port       ; Type  ; Severity ; Details                                                                                                                                                                            ;
+------------+-------+----------+------------------------------------------------------------------------------------------------------------------------------------------------------------------------------------+
; enable     ; Input ; Warning  ; Input port expression (32 bits) is wider than the input port (1 bits) it drives.  The 31 most-significant bit(s) in the expression will be dangling if they have no other fanouts. ;
; enable[-1] ; Input ; Info     ; Stuck at VCC                                                                                                                                                                       ;
+------------+-------+----------+------------------------------------------------------------------------------------------------------------------------------------------------------------------------------------+


+--------------------------------------------------------------------------------------------------------------------------------------------------------------------------------------------------------------------+
; Port Connectivity Checks: "register:reg_3"                                                                                                                                                                         ;
+------------+-------+----------+------------------------------------------------------------------------------------------------------------------------------------------------------------------------------------+
; Port       ; Type  ; Severity ; Details                                                                                                                                                                            ;
+------------+-------+----------+------------------------------------------------------------------------------------------------------------------------------------------------------------------------------------+
; enable     ; Input ; Warning  ; Input port expression (32 bits) is wider than the input port (1 bits) it drives.  The 31 most-significant bit(s) in the expression will be dangling if they have no other fanouts. ;
; enable[-1] ; Input ; Info     ; Stuck at VCC                                                                                                                                                                       ;
+------------+-------+----------+------------------------------------------------------------------------------------------------------------------------------------------------------------------------------------+


+-----------------------------------------------------------------------------------------------------------------------------------------------------------------------------------------------------------------+
; Port Connectivity Checks: "mux2:m2_4"                                                                                                                                                                           ;
+---------+-------+----------+------------------------------------------------------------------------------------------------------------------------------------------------------------------------------------+
; Port    ; Type  ; Severity ; Details                                                                                                                                                                            ;
+---------+-------+----------+------------------------------------------------------------------------------------------------------------------------------------------------------------------------------------+
; b       ; Input ; Warning  ; Input port expression (32 bits) is wider than the input port (9 bits) it drives.  The 23 most-significant bit(s) in the expression will be dangling if they have no other fanouts. ;
; b[8..0] ; Input ; Info     ; Stuck at GND                                                                                                                                                                       ;
+---------+-------+----------+------------------------------------------------------------------------------------------------------------------------------------------------------------------------------------+


+------------------------------------------------------------------------------------------------------------------------------------------------------------------------------------------------------------------+
; Port Connectivity Checks: "mux2:m2_3"                                                                                                                                                                            ;
+----------+-------+----------+------------------------------------------------------------------------------------------------------------------------------------------------------------------------------------+
; Port     ; Type  ; Severity ; Details                                                                                                                                                                            ;
+----------+-------+----------+------------------------------------------------------------------------------------------------------------------------------------------------------------------------------------+
; b        ; Input ; Warning  ; Input port expression (32 bits) is wider than the input port (23 bits) it drives.  The 9 most-significant bit(s) in the expression will be dangling if they have no other fanouts. ;
; b[22..1] ; Input ; Info     ; Stuck at GND                                                                                                                                                                       ;
; b[0]     ; Input ; Info     ; Stuck at VCC                                                                                                                                                                       ;
+----------+-------+----------+------------------------------------------------------------------------------------------------------------------------------------------------------------------------------------+


+-------------------------------------------------------------------------------------------------------------------------------------------------------------------------------------------------------------------+
; Port Connectivity Checks: "mux2:m2_2"                                                                                                                                                                             ;
+----------+-------+----------+-------------------------------------------------------------------------------------------------------------------------------------------------------------------------------------+
; Port     ; Type  ; Severity ; Details                                                                                                                                                                             ;
+----------+-------+----------+-------------------------------------------------------------------------------------------------------------------------------------------------------------------------------------+
; b        ; Input ; Warning  ; Input port expression (32 bits) is wider than the input port (16 bits) it drives.  The 16 most-significant bit(s) in the expression will be dangling if they have no other fanouts. ;
; b[15..0] ; Input ; Info     ; Stuck at GND                                                                                                                                                                        ;
+----------+-------+----------+-------------------------------------------------------------------------------------------------------------------------------------------------------------------------------------+


+-------------------------------------------------------------------------------------------------------------------------------------------------------------------------------------------------------------------+
; Port Connectivity Checks: "mux2:m2_1"                                                                                                                                                                             ;
+----------+-------+----------+-------------------------------------------------------------------------------------------------------------------------------------------------------------------------------------+
; Port     ; Type  ; Severity ; Details                                                                                                                                                                             ;
+----------+-------+----------+-------------------------------------------------------------------------------------------------------------------------------------------------------------------------------------+
; b        ; Input ; Warning  ; Input port expression (32 bits) is wider than the input port (16 bits) it drives.  The 16 most-significant bit(s) in the expression will be dangling if they have no other fanouts. ;
; b[15..0] ; Input ; Info     ; Stuck at GND                                                                                                                                                                        ;
+----------+-------+----------+-------------------------------------------------------------------------------------------------------------------------------------------------------------------------------------+


+-----------------------------------------------------------------------------------------------------------------------------------------------------------------------------------------------------------------------+
; Port Connectivity Checks: "cmem:code"                                                                                                                                                                                 ;
+--------------+-------+----------+-------------------------------------------------------------------------------------------------------------------------------------------------------------------------------------+
; Port         ; Type  ; Severity ; Details                                                                                                                                                                             ;
+--------------+-------+----------+-------------------------------------------------------------------------------------------------------------------------------------------------------------------------------------+
; we           ; Input ; Warning  ; Input port expression (32 bits) is wider than the input port (1 bits) it drives.  The 31 most-significant bit(s) in the expression will be dangling if they have no other fanouts.  ;
; we[-1]       ; Input ; Info     ; Stuck at GND                                                                                                                                                                        ;
; waddr        ; Input ; Warning  ; Input port expression (32 bits) is wider than the input port (6 bits) it drives.  The 26 most-significant bit(s) in the expression will be dangling if they have no other fanouts.  ;
; waddr[5..0]  ; Input ; Info     ; Stuck at GND                                                                                                                                                                        ;
; wdata        ; Input ; Warning  ; Input port expression (32 bits) is wider than the input port (16 bits) it drives.  The 16 most-significant bit(s) in the expression will be dangling if they have no other fanouts. ;
; wdata[15..0] ; Input ; Info     ; Stuck at GND                                                                                                                                                                        ;
+--------------+-------+----------+-------------------------------------------------------------------------------------------------------------------------------------------------------------------------------------+


+-----------------------------------------------------+
; Post-Synthesis Netlist Statistics for Top Partition ;
+-----------------------+-----------------------------+
; Type                  ; Count                       ;
+-----------------------+-----------------------------+
; boundary_port         ; 663                         ;
; cycloneiii_ff         ; 415                         ;
;     CLR               ; 225                         ;
;     ENA CLR           ; 190                         ;
; cycloneiii_lcell_comb ; 524                         ;
;     arith             ; 22                          ;
;         3 data inputs ; 22                          ;
;     normal            ; 502                         ;
;         0 data inputs ; 2                           ;
;         1 data inputs ; 39                          ;
;         2 data inputs ; 46                          ;
;         3 data inputs ; 98                          ;
;         4 data inputs ; 317                         ;
;                       ;                             ;
; Max LUT depth         ; 9.20                        ;
; Average LUT depth     ; 5.01                        ;
+-----------------------+-----------------------------+


+-------------------------------+
; Elapsed Time Per Partition    ;
+----------------+--------------+
; Partition Name ; Elapsed Time ;
+----------------+--------------+
; Top            ; 00:00:02     ;
+----------------+--------------+


+-------------------------------+
; Analysis & Synthesis Messages ;
+-------------------------------+
Info: *******************************************************************
Info: Running Quartus Prime Analysis & Synthesis
    Info: Version 20.1.1 Build 720 11/11/2020 SJ Lite Edition
    Info: Processing started: Fri Jul 17 22:45:50 2026
Info: Command: quartus_map --read_settings_files=on --write_settings_files=off pipelined_cpu -c pipelined_cpu
Warning (18236): Number of processors has not been specified which may cause overloading on shared machines.  Set the global assignment NUM_PARALLEL_PROCESSORS in your QSF to an appropriate value for best performance.
Info (20030): Parallel compilation is enabled and will use 12 of the 12 processors detected
Info (12021): Found 1 design units, including 1 entities, in source file tb_pipelined_cpu.v
    Info (12023): Found entity 1: tb_pipelined_cpu File: E:/SoC/Week8/pipelined_cpu/tb_pipelined_cpu.v Line: 1
Info (12021): Found 1 design units, including 1 entities, in source file register.v
    Info (12023): Found entity 1: register File: E:/SoC/Week8/pipelined_cpu/register.v Line: 1
Info (12021): Found 1 design units, including 1 entities, in source file regfile.v
    Info (12023): Found entity 1: regfile File: E:/SoC/Week8/pipelined_cpu/regfile.v Line: 5
Info (12021): Found 1 design units, including 1 entities, in source file pipelined_cpu.v
    Info (12023): Found entity 1: pipelined_cpu File: E:/SoC/Week8/pipelined_cpu/pipelined_cpu.v Line: 1
Info (12021): Found 1 design units, including 1 entities, in source file pc.v
    Info (12023): Found entity 1: pc File: E:/SoC/Week8/pipelined_cpu/pc.v Line: 3
Info (12021): Found 1 design units, including 1 entities, in source file mux4.v
    Info (12023): Found entity 1: mux4 File: E:/SoC/Week8/pipelined_cpu/mux4.v Line: 2
Info (12021): Found 1 design units, including 1 entities, in source file mux2.v
    Info (12023): Found entity 1: mux2 File: E:/SoC/Week8/pipelined_cpu/mux2.v Line: 2
Info (12021): Found 1 design units, including 1 entities, in source file hazard.v
    Info (12023): Found entity 1: hazard File: E:/SoC/Week8/pipelined_cpu/hazard.v Line: 1
Info (12021): Found 1 design units, including 1 entities, in source file flag.v
    Info (12023): Found entity 1: flag File: E:/SoC/Week8/pipelined_cpu/flag.v Line: 1
Info (12021): Found 1 design units, including 1 entities, in source file dmem.v
    Info (12023): Found entity 1: dmem File: E:/SoC/Week8/pipelined_cpu/dmem.v Line: 1
Info (12021): Found 1 design units, including 1 entities, in source file decoder.v
    Info (12023): Found entity 1: decoder File: E:/SoC/Week8/pipelined_cpu/decoder.v Line: 1
Info (12021): Found 1 design units, including 1 entities, in source file control.v
    Info (12023): Found entity 1: control File: E:/SoC/Week8/pipelined_cpu/control.v Line: 1
Info (12021): Found 1 design units, including 1 entities, in source file cmem.v
    Info (12023): Found entity 1: cmem File: E:/SoC/Week8/pipelined_cpu/cmem.v Line: 1
Info (12021): Found 1 design units, including 1 entities, in source file alu.v
    Info (12023): Found entity 1: alu File: E:/SoC/Week8/pipelined_cpu/alu.v Line: 4
Info (12127): Elaborating entity "pipelined_cpu" for the top level hierarchy
Info (12128): Elaborating entity "cmem" for hierarchy "cmem:code" File: E:/SoC/Week8/pipelined_cpu/pipelined_cpu.v Line: 67
Info (12128): Elaborating entity "dmem" for hierarchy "dmem:dat" File: E:/SoC/Week8/pipelined_cpu/pipelined_cpu.v Line: 68
Info (12128): Elaborating entity "regfile" for hierarchy "regfile:regf" File: E:/SoC/Week8/pipelined_cpu/pipelined_cpu.v Line: 69
Info (12128): Elaborating entity "decoder" for hierarchy "decoder:dec" File: E:/SoC/Week8/pipelined_cpu/pipelined_cpu.v Line: 71
Info (12128): Elaborating entity "control" for hierarchy "control:cnt" File: E:/SoC/Week8/pipelined_cpu/pipelined_cpu.v Line: 72
Info (10264): Verilog HDL Case Statement information at control.v(7): all case item expressions in this case statement are onehot File: E:/SoC/Week8/pipelined_cpu/control.v Line: 7
Info (12128): Elaborating entity "hazard" for hierarchy "hazard:hz" File: E:/SoC/Week8/pipelined_cpu/pipelined_cpu.v Line: 73
Info (12128): Elaborating entity "alu" for hierarchy "alu:al" File: E:/SoC/Week8/pipelined_cpu/pipelined_cpu.v Line: 75
Warning (10230): Verilog HDL assignment warning at alu.v(21): truncated value with size 32 to match size of target (9) File: E:/SoC/Week8/pipelined_cpu/alu.v Line: 21
Info (12128): Elaborating entity "flag" for hierarchy "flag:fl" File: E:/SoC/Week8/pipelined_cpu/pipelined_cpu.v Line: 76
Info (12128): Elaborating entity "pc" for hierarchy "pc:p" File: E:/SoC/Week8/pipelined_cpu/pipelined_cpu.v Line: 77
Warning (10230): Verilog HDL assignment warning at pc.v(13): truncated value with size 32 to match size of target (6) File: E:/SoC/Week8/pipelined_cpu/pc.v Line: 13
Warning (10230): Verilog HDL assignment warning at pc.v(14): truncated value with size 32 to match size of target (6) File: E:/SoC/Week8/pipelined_cpu/pc.v Line: 14
Info (12128): Elaborating entity "mux2" for hierarchy "mux2:m2_1" File: E:/SoC/Week8/pipelined_cpu/pipelined_cpu.v Line: 79
Info (12128): Elaborating entity "mux2" for hierarchy "mux2:m2_3" File: E:/SoC/Week8/pipelined_cpu/pipelined_cpu.v Line: 81
Info (12128): Elaborating entity "mux2" for hierarchy "mux2:m2_4" File: E:/SoC/Week8/pipelined_cpu/pipelined_cpu.v Line: 82
Info (12128): Elaborating entity "mux2" for hierarchy "mux2:m2_5" File: E:/SoC/Week8/pipelined_cpu/pipelined_cpu.v Line: 83
Info (12128): Elaborating entity "mux4" for hierarchy "mux4:m4_1" File: E:/SoC/Week8/pipelined_cpu/pipelined_cpu.v Line: 91
Info (12128): Elaborating entity "register" for hierarchy "register:reg_1" File: E:/SoC/Week8/pipelined_cpu/pipelined_cpu.v Line: 95
Info (12128): Elaborating entity "register" for hierarchy "register:reg_2" File: E:/SoC/Week8/pipelined_cpu/pipelined_cpu.v Line: 96
Info (12128): Elaborating entity "register" for hierarchy "register:reg_4" File: E:/SoC/Week8/pipelined_cpu/pipelined_cpu.v Line: 99
Info (12128): Elaborating entity "register" for hierarchy "register:reg_5" File: E:/SoC/Week8/pipelined_cpu/pipelined_cpu.v Line: 100
Info (12128): Elaborating entity "register" for hierarchy "register:reg_6" File: E:/SoC/Week8/pipelined_cpu/pipelined_cpu.v Line: 101
Warning (12241): 22 hierarchies have connectivity warnings - see the Connectivity Checks report folder
Info (13000): Registers with preset signals will power-up high File: E:/SoC/Week8/pipelined_cpu/dmem.v Line: 30
Info (13003): DEV_CLRn pin will set, and not reset, register with preset signal due to NOT Gate Push-Back
Info (286030): Timing-Driven Synthesis is running
Info (16010): Generating hard_block partition "hard_block:auto_generated_inst"
    Info (16011): Adding 0 node(s), including 0 DDIO, 0 PLL, 0 transceiver and 0 LCELL
Info (21057): Implemented 1557 device resources after synthesis - the final resource count might be different
    Info (21058): Implemented 2 input pins
    Info (21059): Implemented 661 output pins
    Info (21061): Implemented 894 logic cells
Info: Quartus Prime Analysis & Synthesis was successful. 0 errors, 5 warnings
    Info: Peak virtual memory: 4828 megabytes
    Info: Processing ended: Fri Jul 17 22:46:17 2026
    Info: Elapsed time: 00:00:27
    Info: Total CPU time (on all processors): 00:00:48


